Year,Month,Day,Pot_Eolica_GW
2024,1,1,32.3441279
2024,1,2,32.3441279
2024,1,3,32.3441279
2024,1,4,32.3441279
2024,1,5,32.3441279
2024,1,6,32.3441279
2024,1,7,32.3441279
2024,1,8,32.3441279
2024,1,9,32.3441279
2024,1,10,32.3441279
2024,1,11,32.3441279
2024,1,12,32.3441279
2024,1,13,32.3441279
2024,1,14,32.3441279
2024,1,15,32.3441279
2024,1,16,32.3441279
2024,1,17,32.3441279
2024,1,18,32.3441279
2024,1,19,32.3441279
2024,1,20,32.3441279
2024,1,21,32.3441279
2024,1,22,32.3441279
2024,1,23,32.3441279
2024,1,24,32.3441279
2024,1,25,32.3441279
2024,1,26,32.3441279
2024,1,27,32.3441279
2024,1,28,32.3441279
2024,1,29,32.3441279
2024,1,30,32.3441279
2024,1,31,32.3441279
2024,2,1,32.3441279
2024,2,2,32.3441279
2024,2,3,32.3441279
2024,2,4,32.3441279
2024,2,5,32.3441279
2024,2,6,32.3441279
2024,2,7,32.3441279
2024,2,8,32.3441279
2024,2,9,32.3441279
2024,2,10,32.3441279
2024,2,11,32.3441279
2024,2,12,32.3441279
2024,2,13,32.3441279
2024,2,14,32.3441279
2024,2,15,32.3441279
2024,2,16,32.3441279
2024,2,17,32.3441279
2024,2,18,32.3441279
2024,2,19,32.3441279
2024,2,20,32.3441279
2024,2,21,32.3441279
2024,2,22,32.3441279
2024,2,23,32.3441279
2024,2,24,32.3441279
2024,2,25,32.3441279
2024,2,26,32.3441279
2024,2,27,32.3441279
2024,2,28,32.3441279
2024,3,1,32.3441279
2024,3,2,32.3441279
2024,3,3,32.3441279
2024,3,4,32.3441279
2024,3,5,32.3441279
2024,3,6,32.3441279
2024,3,7,32.3441279
2024,3,8,32.3441279
2024,3,9,32.3441279
2024,3,10,32.3441279
2024,3,11,32.3441279
2024,3,12,32.3441279
2024,3,13,32.3441279
2024,3,14,32.3441279
2024,3,15,32.3441279
2024,3,16,32.3441279
2024,3,17,32.3441279
2024,3,18,32.3441279
2024,3,19,32.3441279
2024,3,20,32.3441279
2024,3,21,32.3441279
2024,3,22,32.3441279
2024,3,23,32.3441279
2024,3,24,32.3441279
2024,3,25,32.3441279
2024,3,26,32.3441279
2024,3,27,32.3441279
2024,3,28,32.3441279
2024,3,29,32.3441279
2024,3,30,32.3441279
2024,3,31,32.3441279
2024,4,1,32.3441279
2024,4,2,32.3441279
2024,4,3,32.3441279
2024,4,4,32.3441279
2024,4,5,32.3441279
2024,4,6,32.3441279
2024,4,7,32.3441279
2024,4,8,32.3441279
2024,4,9,32.3441279
2024,4,10,32.3441279
2024,4,11,32.3441279
2024,4,12,32.3441279
2024,4,13,32.3441279
2024,4,14,32.3441279
2024,4,15,32.3441279
2024,4,16,32.3441279
2024,4,17,32.3441279
2024,4,18,32.3441279
2024,4,19,32.3441279
2024,4,20,32.3441279
2024,4,21,32.3441279
2024,4,22,32.3441279
2024,4,23,32.3441279
2024,4,24,32.3441279
2024,4,25,32.3441279
2024,4,26,32.3441279
2024,4,27,32.3441279
2024,4,28,32.3441279
2024,4,29,32.3441279
2024,4,30,32.3441279
2024,5,1,32.3441279
2024,5,2,32.3441279
2024,5,3,32.3441279
2024,5,4,32.3441279
2024,5,5,32.3441279
2024,5,6,32.3441279
2024,5,7,32.3441279
2024,5,8,32.3441279
2024,5,9,32.3441279
2024,5,10,32.3441279
2024,5,11,32.3441279
2024,5,12,32.3441279
2024,5,13,32.3441279
2024,5,14,32.3441279
2024,5,15,32.3441279
2024,5,16,32.3441279
2024,5,17,32.3441279
2024,5,18,32.3441279
2024,5,19,32.3441279
2024,5,20,32.3441279
2024,5,21,32.3441279
2024,5,22,32.3441279
2024,5,23,32.3441279
2024,5,24,32.3441279
2024,5,25,32.3441279
2024,5,26,32.3441279
2024,5,27,32.3441279
2024,5,28,32.3441279
2024,5,29,32.3441279
2024,5,30,32.3441279
2024,5,31,32.3441279
2024,6,1,32.3441279
2024,6,2,32.3441279
2024,6,3,32.3441279
2024,6,4,32.3441279
2024,6,5,32.3441279
2024,6,6,32.3441279
2024,6,7,32.3441279
2024,6,8,32.3441279
2024,6,9,32.3441279
2024,6,10,32.3441279
2024,6,11,32.3441279
2024,6,12,32.3441279
2024,6,13,32.3441279
2024,6,14,32.3441279
2024,6,15,32.3441279
2024,6,16,32.3441279
2024,6,17,32.3441279
2024,6,18,32.3441279
2024,6,19,32.3441279
2024,6,20,32.3441279
2024,6,21,32.3441279
2024,6,22,32.3441279
2024,6,23,32.3441279
2024,6,24,32.3441279
2024,6,25,32.3441279
2024,6,26,32.3441279
2024,6,27,32.3441279
2024,6,28,32.3441279
2024,6,29,32.3441279
2024,6,30,32.3441279
2024,7,1,32.3441279
2024,7,2,32.3441279
2024,7,3,32.3441279
2024,7,4,32.3441279
2024,7,5,32.3441279
2024,7,6,32.3441279
2024,7,7,32.3441279
2024,7,8,32.3441279
2024,7,9,32.3441279
2024,7,10,32.3441279
2024,7,11,32.3441279
2024,7,12,32.3441279
2024,7,13,32.3441279
2024,7,14,32.3441279
2024,7,15,32.3441279
2024,7,16,32.3441279
2024,7,17,32.3441279
2024,7,18,32.3441279
2024,7,19,32.3441279
2024,7,20,32.3441279
2024,7,21,32.3441279
2024,7,22,32.3441279
2024,7,23,32.3441279
2024,7,24,32.3441279
2024,7,25,32.3441279
2024,7,26,32.3441279
2024,7,27,32.3441279
2024,7,28,32.3441279
2024,7,29,32.3441279
2024,7,30,32.3441279
2024,7,31,32.3441279
2024,8,1,32.3441279
2024,8,2,32.3441279
2024,8,3,32.3441279
2024,8,4,32.3441279
2024,8,5,32.3441279
2024,8,6,32.3441279
2024,8,7,32.3441279
2024,8,8,32.3441279
2024,8,9,32.3441279
2024,8,10,32.3441279
2024,8,11,32.3441279
2024,8,12,32.3441279
2024,8,13,32.3441279
2024,8,14,32.3441279
2024,8,15,32.3441279
2024,8,16,32.3441279
2024,8,17,32.3441279
2024,8,18,32.3441279
2024,8,19,32.3441279
2024,8,20,32.3441279
2024,8,21,32.3441279
2024,8,22,32.3441279
2024,8,23,32.3441279
2024,8,24,32.3441279
2024,8,25,32.3441279
2024,8,26,32.3441279
2024,8,27,32.3441279
2024,8,28,32.3441279
2024,8,29,32.3441279
2024,8,30,32.3441279
2024,8,31,32.3441279
2024,9,1,32.3441279
2024,9,2,32.3441279
2024,9,3,32.3441279
2024,9,4,32.3441279
2024,9,5,32.3441279
2024,9,6,32.3441279
2024,9,7,32.3441279
2024,9,8,32.3441279
2024,9,9,32.3441279
2024,9,10,32.3441279
2024,9,11,32.3441279
2024,9,12,32.3441279
2024,9,13,32.3441279
2024,9,14,32.3441279
2024,9,15,32.3441279
2024,9,16,32.3441279
2024,9,17,32.3441279
2024,9,18,32.3441279
2024,9,19,32.3441279
2024,9,20,32.3441279
2024,9,21,32.3441279
2024,9,22,32.3441279
2024,9,23,32.3441279
2024,9,24,32.3441279
2024,9,25,32.3441279
2024,9,26,32.3441279
2024,9,27,32.3441279
2024,9,28,32.3441279
2024,9,29,32.3441279
2024,9,30,32.3441279
2024,10,1,32.3441279
2024,10,2,32.3441279
2024,10,3,32.3441279
2024,10,4,32.3441279
2024,10,5,32.3441279
2024,10,6,32.3441279
2024,10,7,32.3441279
2024,10,8,32.3441279
2024,10,9,32.3441279
2024,10,10,32.3441279
2024,10,11,32.3441279
2024,10,12,32.3441279
2024,10,13,32.3441279
2024,10,14,32.3441279
2024,10,15,32.3441279
2024,10,16,32.3441279
2024,10,17,32.3441279
2024,10,18,32.3441279
2024,10,19,32.3441279
2024,10,20,32.3441279
2024,10,21,32.3441279
2024,10,22,32.3441279
2024,10,23,32.3441279
2024,10,24,32.3441279
2024,10,25,32.3441279
2024,10,26,32.3441279
2024,10,27,32.3441279
2024,10,28,32.3441279
2024,10,29,32.3441279
2024,10,30,32.3441279
2024,10,31,32.3441279
2024,11,1,32.3441279
2024,11,2,32.3441279
2024,11,3,32.3441279
2024,11,4,32.3441279
2024,11,5,32.3441279
2024,11,6,32.3441279
2024,11,7,32.3441279
2024,11,8,32.3441279
2024,11,9,32.3441279
2024,11,10,32.3441279
2024,11,11,32.3441279
2024,11,12,32.3441279
2024,11,13,32.3441279
2024,11,14,32.3441279
2024,11,15,32.3441279
2024,11,16,32.3441279
2024,11,17,32.3441279
2024,11,18,32.3441279
2024,11,19,32.3441279
2024,11,20,32.3441279
2024,11,21,32.3441279
2024,11,22,32.3441279
2024,11,23,32.3441279
2024,11,24,32.3441279
2024,11,25,32.3441279
2024,11,26,32.3441279
2024,11,27,32.3441279
2024,11,28,32.3441279
2024,11,29,32.3441279
2024,11,30,32.3441279
2024,12,1,32.3441279
2024,12,2,32.3441279
2024,12,3,32.3441279
2024,12,4,32.3441279
2024,12,5,32.3441279
2024,12,6,32.3441279
2024,12,7,32.3441279
2024,12,8,32.3441279
2024,12,9,32.3441279
2024,12,10,32.3441279
2024,12,11,32.3441279
2024,12,12,32.3441279
2024,12,13,32.3441279
2024,12,14,32.3441279
2024,12,15,32.3441279
2024,12,16,32.3441279
2024,12,17,32.3441279
2024,12,18,32.3441279
2024,12,19,32.3441279
2024,12,20,32.3441279
2024,12,21,32.3441279
2024,12,22,32.3441279
2024,12,23,32.3441279
2024,12,24,32.3441279
2024,12,25,32.3441279
2024,12,26,32.3441279
2024,12,27,32.3441279
2024,12,28,32.3441279
2024,12,29,32.3441279
2024,12,30,32.3441279
2024,12,31,32.3441279
2025,1,1,37.2867732
2025,1,2,37.2867732
2025,1,3,37.2867732
2025,1,4,37.2867732
2025,1,5,37.2867732
2025,1,6,37.2867732
2025,1,7,37.2867732
2025,1,8,37.2867732
2025,1,9,37.2867732
2025,1,10,37.2867732
2025,1,11,37.2867732
2025,1,12,37.2867732
2025,1,13,37.2867732
2025,1,14,37.2867732
2025,1,15,37.2867732
2025,1,16,37.2867732
2025,1,17,37.2867732
2025,1,18,37.2867732
2025,1,19,37.2867732
2025,1,20,37.2867732
2025,1,21,37.2867732
2025,1,22,37.2867732
2025,1,23,37.2867732
2025,1,24,37.2867732
2025,1,25,37.2867732
2025,1,26,37.2867732
2025,1,27,37.2867732
2025,1,28,37.2867732
2025,1,29,37.2867732
2025,1,30,37.2867732
2025,1,31,37.2867732
2025,2,1,37.2867732
2025,2,2,37.2867732
2025,2,3,37.2867732
2025,2,4,37.2867732
2025,2,5,37.2867732
2025,2,6,37.2867732
2025,2,7,37.2867732
2025,2,8,37.2867732
2025,2,9,37.2867732
2025,2,10,37.2867732
2025,2,11,37.2867732
2025,2,12,37.2867732
2025,2,13,37.2867732
2025,2,14,37.2867732
2025,2,15,37.2867732
2025,2,16,37.2867732
2025,2,17,37.2867732
2025,2,18,37.2867732
2025,2,19,37.2867732
2025,2,20,37.2867732
2025,2,21,37.2867732
2025,2,22,37.2867732
2025,2,23,37.2867732
2025,2,24,37.2867732
2025,2,25,37.2867732
2025,2,26,37.2867732
2025,2,27,37.2867732
2025,2,28,37.2867732
2025,3,1,37.2867732
2025,3,2,37.2867732
2025,3,3,37.2867732
2025,3,4,37.2867732
2025,3,5,37.2867732
2025,3,6,37.2867732
2025,3,7,37.2867732
2025,3,8,37.2867732
2025,3,9,37.2867732
2025,3,10,37.2867732
2025,3,11,37.2867732
2025,3,12,37.2867732
2025,3,13,37.2867732
2025,3,14,37.2867732
2025,3,15,37.2867732
2025,3,16,37.2867732
2025,3,17,37.2867732
2025,3,18,37.2867732
2025,3,19,37.2867732
2025,3,20,37.2867732
2025,3,21,37.2867732
2025,3,22,37.2867732
2025,3,23,37.2867732
2025,3,24,37.2867732
2025,3,25,37.2867732
2025,3,26,37.2867732
2025,3,27,37.2867732
2025,3,28,37.2867732
2025,3,29,37.2867732
2025,3,30,37.2867732
2025,3,31,37.2867732
2025,4,1,37.2867732
2025,4,2,37.2867732
2025,4,3,37.2867732
2025,4,4,37.2867732
2025,4,5,37.2867732
2025,4,6,37.2867732
2025,4,7,37.2867732
2025,4,8,37.2867732
2025,4,9,37.2867732
2025,4,10,37.2867732
2025,4,11,37.2867732
2025,4,12,37.2867732
2025,4,13,37.2867732
2025,4,14,37.2867732
2025,4,15,37.2867732
2025,4,16,37.2867732
2025,4,17,37.2867732
2025,4,18,37.2867732
2025,4,19,37.2867732
2025,4,20,37.2867732
2025,4,21,37.2867732
2025,4,22,37.2867732
2025,4,23,37.2867732
2025,4,24,37.2867732
2025,4,25,37.2867732
2025,4,26,37.2867732
2025,4,27,37.2867732
2025,4,28,37.2867732
2025,4,29,37.2867732
2025,4,30,37.2867732
2025,5,1,37.2867732
2025,5,2,37.2867732
2025,5,3,37.2867732
2025,5,4,37.2867732
2025,5,5,37.2867732
2025,5,6,37.2867732
2025,5,7,37.2867732
2025,5,8,37.2867732
2025,5,9,37.2867732
2025,5,10,37.2867732
2025,5,11,37.2867732
2025,5,12,37.2867732
2025,5,13,37.2867732
2025,5,14,37.2867732
2025,5,15,37.2867732
2025,5,16,37.2867732
2025,5,17,37.2867732
2025,5,18,37.2867732
2025,5,19,37.2867732
2025,5,20,37.2867732
2025,5,21,37.2867732
2025,5,22,37.2867732
2025,5,23,37.2867732
2025,5,24,37.2867732
2025,5,25,37.2867732
2025,5,26,37.2867732
2025,5,27,37.2867732
2025,5,28,37.2867732
2025,5,29,37.2867732
2025,5,30,37.2867732
2025,5,31,37.2867732
2025,6,1,37.2867732
2025,6,2,37.2867732
2025,6,3,37.2867732
2025,6,4,37.2867732
2025,6,5,37.2867732
2025,6,6,37.2867732
2025,6,7,37.2867732
2025,6,8,37.2867732
2025,6,9,37.2867732
2025,6,10,37.2867732
2025,6,11,37.2867732
2025,6,12,37.2867732
2025,6,13,37.2867732
2025,6,14,37.2867732
2025,6,15,37.2867732
2025,6,16,37.2867732
2025,6,17,37.2867732
2025,6,18,37.2867732
2025,6,19,37.2867732
2025,6,20,37.2867732
2025,6,21,37.2867732
2025,6,22,37.2867732
2025,6,23,37.2867732
2025,6,24,37.2867732
2025,6,25,37.2867732
2025,6,26,37.2867732
2025,6,27,37.2867732
2025,6,28,37.2867732
2025,6,29,37.2867732
2025,6,30,37.2867732
2025,7,1,37.2867732
2025,7,2,37.2867732
2025,7,3,37.2867732
2025,7,4,37.2867732
2025,7,5,37.2867732
2025,7,6,37.2867732
2025,7,7,37.2867732
2025,7,8,37.2867732
2025,7,9,37.2867732
2025,7,10,37.2867732
2025,7,11,37.2867732
2025,7,12,37.2867732
2025,7,13,37.2867732
2025,7,14,37.2867732
2025,7,15,37.2867732
2025,7,16,37.2867732
2025,7,17,37.2867732
2025,7,18,37.2867732
2025,7,19,37.2867732
2025,7,20,37.2867732
2025,7,21,37.2867732
2025,7,22,37.2867732
2025,7,23,37.2867732
2025,7,24,37.2867732
2025,7,25,37.2867732
2025,7,26,37.2867732
2025,7,27,37.2867732
2025,7,28,37.2867732
2025,7,29,37.2867732
2025,7,30,37.2867732
2025,7,31,37.2867732
2025,8,1,37.2867732
2025,8,2,37.2867732
2025,8,3,37.2867732
2025,8,4,37.2867732
2025,8,5,37.2867732
2025,8,6,37.2867732
2025,8,7,37.2867732
2025,8,8,37.2867732
2025,8,9,37.2867732
2025,8,10,37.2867732
2025,8,11,37.2867732
2025,8,12,37.2867732
2025,8,13,37.2867732
2025,8,14,37.2867732
2025,8,15,37.2867732
2025,8,16,37.2867732
2025,8,17,37.2867732
2025,8,18,37.2867732
2025,8,19,37.2867732
2025,8,20,37.2867732
2025,8,21,37.2867732
2025,8,22,37.2867732
2025,8,23,37.2867732
2025,8,24,37.2867732
2025,8,25,37.2867732
2025,8,26,37.2867732
2025,8,27,37.2867732
2025,8,28,37.2867732
2025,8,29,37.2867732
2025,8,30,37.2867732
2025,8,31,37.2867732
2025,9,1,37.2867732
2025,9,2,37.2867732
2025,9,3,37.2867732
2025,9,4,37.2867732
2025,9,5,37.2867732
2025,9,6,37.2867732
2025,9,7,37.2867732
2025,9,8,37.2867732
2025,9,9,37.2867732
2025,9,10,37.2867732
2025,9,11,37.2867732
2025,9,12,37.2867732
2025,9,13,37.2867732
2025,9,14,37.2867732
2025,9,15,37.2867732
2025,9,16,37.2867732
2025,9,17,37.2867732
2025,9,18,37.2867732
2025,9,19,37.2867732
2025,9,20,37.2867732
2025,9,21,37.2867732
2025,9,22,37.2867732
2025,9,23,37.2867732
2025,9,24,37.2867732
2025,9,25,37.2867732
2025,9,26,37.2867732
2025,9,27,37.2867732
2025,9,28,37.2867732
2025,9,29,37.2867732
2025,9,30,37.2867732
2025,10,1,37.2867732
2025,10,2,37.2867732
2025,10,3,37.2867732
2025,10,4,37.2867732
2025,10,5,37.2867732
2025,10,6,37.2867732
2025,10,7,37.2867732
2025,10,8,37.2867732
2025,10,9,37.2867732
2025,10,10,37.2867732
2025,10,11,37.2867732
2025,10,12,37.2867732
2025,10,13,37.2867732
2025,10,14,37.2867732
2025,10,15,37.2867732
2025,10,16,37.2867732
2025,10,17,37.2867732
2025,10,18,37.2867732
2025,10,19,37.2867732
2025,10,20,37.2867732
2025,10,21,37.2867732
2025,10,22,37.2867732
2025,10,23,37.2867732
2025,10,24,37.2867732
2025,10,25,37.2867732
2025,10,26,37.2867732
2025,10,27,37.2867732
2025,10,28,37.2867732
2025,10,29,37.2867732
2025,10,30,37.2867732
2025,10,31,37.2867732
2025,11,1,37.2867732
2025,11,2,37.2867732
2025,11,3,37.2867732
2025,11,4,37.2867732
2025,11,5,37.2867732
2025,11,6,37.2867732
2025,11,7,37.2867732
2025,11,8,37.2867732
2025,11,9,37.2867732
2025,11,10,37.2867732
2025,11,11,37.2867732
2025,11,12,37.2867732
2025,11,13,37.2867732
2025,11,14,37.2867732
2025,11,15,37.2867732
2025,11,16,37.2867732
2025,11,17,37.2867732
2025,11,18,37.2867732
2025,11,19,37.2867732
2025,11,20,37.2867732
2025,11,21,37.2867732
2025,11,22,37.2867732
2025,11,23,37.2867732
2025,11,24,37.2867732
2025,11,25,37.2867732
2025,11,26,37.2867732
2025,11,27,37.2867732
2025,11,28,37.2867732
2025,11,29,37.2867732
2025,11,30,37.2867732
2025,12,1,37.2867732
2025,12,2,37.2867732
2025,12,3,37.2867732
2025,12,4,37.2867732
2025,12,5,37.2867732
2025,12,6,37.2867732
2025,12,7,37.2867732
2025,12,8,37.2867732
2025,12,9,37.2867732
2025,12,10,37.2867732
2025,12,11,37.2867732
2025,12,12,37.2867732
2025,12,13,37.2867732
2025,12,14,37.2867732
2025,12,15,37.2867732
2025,12,16,37.2867732
2025,12,17,37.2867732
2025,12,18,37.2867732
2025,12,19,37.2867732
2025,12,20,37.2867732
2025,12,21,37.2867732
2025,12,22,37.2867732
2025,12,23,37.2867732
2025,12,24,37.2867732
2025,12,25,37.2867732
2025,12,26,37.2867732
2025,12,27,37.2867732
2025,12,28,37.2867732
2025,12,29,37.2867732
2025,12,30,37.2867732
2025,12,31,37.2867732
2026,1,1,42.2294186
2026,1,2,42.2294186
2026,1,3,42.2294186
2026,1,4,42.2294186
2026,1,5,42.2294186
2026,1,6,42.2294186
2026,1,7,42.2294186
2026,1,8,42.2294186
2026,1,9,42.2294186
2026,1,10,42.2294186
2026,1,11,42.2294186
2026,1,12,42.2294186
2026,1,13,42.2294186
2026,1,14,42.2294186
2026,1,15,42.2294186
2026,1,16,42.2294186
2026,1,17,42.2294186
2026,1,18,42.2294186
2026,1,19,42.2294186
2026,1,20,42.2294186
2026,1,21,42.2294186
2026,1,22,42.2294186
2026,1,23,42.2294186
2026,1,24,42.2294186
2026,1,25,42.2294186
2026,1,26,42.2294186
2026,1,27,42.2294186
2026,1,28,42.2294186
2026,1,29,42.2294186
2026,1,30,42.2294186
2026,1,31,42.2294186
2026,2,1,42.2294186
2026,2,2,42.2294186
2026,2,3,42.2294186
2026,2,4,42.2294186
2026,2,5,42.2294186
2026,2,6,42.2294186
2026,2,7,42.2294186
2026,2,8,42.2294186
2026,2,9,42.2294186
2026,2,10,42.2294186
2026,2,11,42.2294186
2026,2,12,42.2294186
2026,2,13,42.2294186
2026,2,14,42.2294186
2026,2,15,42.2294186
2026,2,16,42.2294186
2026,2,17,42.2294186
2026,2,18,42.2294186
2026,2,19,42.2294186
2026,2,20,42.2294186
2026,2,21,42.2294186
2026,2,22,42.2294186
2026,2,23,42.2294186
2026,2,24,42.2294186
2026,2,25,42.2294186
2026,2,26,42.2294186
2026,2,27,42.2294186
2026,2,28,42.2294186
2026,3,1,42.2294186
2026,3,2,42.2294186
2026,3,3,42.2294186
2026,3,4,42.2294186
2026,3,5,42.2294186
2026,3,6,42.2294186
2026,3,7,42.2294186
2026,3,8,42.2294186
2026,3,9,42.2294186
2026,3,10,42.2294186
2026,3,11,42.2294186
2026,3,12,42.2294186
2026,3,13,42.2294186
2026,3,14,42.2294186
2026,3,15,42.2294186
2026,3,16,42.2294186
2026,3,17,42.2294186
2026,3,18,42.2294186
2026,3,19,42.2294186
2026,3,20,42.2294186
2026,3,21,42.2294186
2026,3,22,42.2294186
2026,3,23,42.2294186
2026,3,24,42.2294186
2026,3,25,42.2294186
2026,3,26,42.2294186
2026,3,27,42.2294186
2026,3,28,42.2294186
2026,3,29,42.2294186
2026,3,30,42.2294186
2026,3,31,42.2294186
2026,4,1,42.2294186
2026,4,2,42.2294186
2026,4,3,42.2294186
2026,4,4,42.2294186
2026,4,5,42.2294186
2026,4,6,42.2294186
2026,4,7,42.2294186
2026,4,8,42.2294186
2026,4,9,42.2294186
2026,4,10,42.2294186
2026,4,11,42.2294186
2026,4,12,42.2294186
2026,4,13,42.2294186
2026,4,14,42.2294186
2026,4,15,42.2294186
2026,4,16,42.2294186
2026,4,17,42.2294186
2026,4,18,42.2294186
2026,4,19,42.2294186
2026,4,20,42.2294186
2026,4,21,42.2294186
2026,4,22,42.2294186
2026,4,23,42.2294186
2026,4,24,42.2294186
2026,4,25,42.2294186
2026,4,26,42.2294186
2026,4,27,42.2294186
2026,4,28,42.2294186
2026,4,29,42.2294186
2026,4,30,42.2294186
2026,5,1,42.2294186
2026,5,2,42.2294186
2026,5,3,42.2294186
2026,5,4,42.2294186
2026,5,5,42.2294186
2026,5,6,42.2294186
2026,5,7,42.2294186
2026,5,8,42.2294186
2026,5,9,42.2294186
2026,5,10,42.2294186
2026,5,11,42.2294186
2026,5,12,42.2294186
2026,5,13,42.2294186
2026,5,14,42.2294186
2026,5,15,42.2294186
2026,5,16,42.2294186
2026,5,17,42.2294186
2026,5,18,42.2294186
2026,5,19,42.2294186
2026,5,20,42.2294186
2026,5,21,42.2294186
2026,5,22,42.2294186
2026,5,23,42.2294186
2026,5,24,42.2294186
2026,5,25,42.2294186
2026,5,26,42.2294186
2026,5,27,42.2294186
2026,5,28,42.2294186
2026,5,29,42.2294186
2026,5,30,42.2294186
2026,5,31,42.2294186
2026,6,1,42.2294186
2026,6,2,42.2294186
2026,6,3,42.2294186
2026,6,4,42.2294186
2026,6,5,42.2294186
2026,6,6,42.2294186
2026,6,7,42.2294186
2026,6,8,42.2294186
2026,6,9,42.2294186
2026,6,10,42.2294186
2026,6,11,42.2294186
2026,6,12,42.2294186
2026,6,13,42.2294186
2026,6,14,42.2294186
2026,6,15,42.2294186
2026,6,16,42.2294186
2026,6,17,42.2294186
2026,6,18,42.2294186
2026,6,19,42.2294186
2026,6,20,42.2294186
2026,6,21,42.2294186
2026,6,22,42.2294186
2026,6,23,42.2294186
2026,6,24,42.2294186
2026,6,25,42.2294186
2026,6,26,42.2294186
2026,6,27,42.2294186
2026,6,28,42.2294186
2026,6,29,42.2294186
2026,6,30,42.2294186
2026,7,1,42.2294186
2026,7,2,42.2294186
2026,7,3,42.2294186
2026,7,4,42.2294186
2026,7,5,42.2294186
2026,7,6,42.2294186
2026,7,7,42.2294186
2026,7,8,42.2294186
2026,7,9,42.2294186
2026,7,10,42.2294186
2026,7,11,42.2294186
2026,7,12,42.2294186
2026,7,13,42.2294186
2026,7,14,42.2294186
2026,7,15,42.2294186
2026,7,16,42.2294186
2026,7,17,42.2294186
2026,7,18,42.2294186
2026,7,19,42.2294186
2026,7,20,42.2294186
2026,7,21,42.2294186
2026,7,22,42.2294186
2026,7,23,42.2294186
2026,7,24,42.2294186
2026,7,25,42.2294186
2026,7,26,42.2294186
2026,7,27,42.2294186
2026,7,28,42.2294186
2026,7,29,42.2294186
2026,7,30,42.2294186
2026,7,31,42.2294186
2026,8,1,42.2294186
2026,8,2,42.2294186
2026,8,3,42.2294186
2026,8,4,42.2294186
2026,8,5,42.2294186
2026,8,6,42.2294186
2026,8,7,42.2294186
2026,8,8,42.2294186
2026,8,9,42.2294186
2026,8,10,42.2294186
2026,8,11,42.2294186
2026,8,12,42.2294186
2026,8,13,42.2294186
2026,8,14,42.2294186
2026,8,15,42.2294186
2026,8,16,42.2294186
2026,8,17,42.2294186
2026,8,18,42.2294186
2026,8,19,42.2294186
2026,8,20,42.2294186
2026,8,21,42.2294186
2026,8,22,42.2294186
2026,8,23,42.2294186
2026,8,24,42.2294186
2026,8,25,42.2294186
2026,8,26,42.2294186
2026,8,27,42.2294186
2026,8,28,42.2294186
2026,8,29,42.2294186
2026,8,30,42.2294186
2026,8,31,42.2294186
2026,9,1,42.2294186
2026,9,2,42.2294186
2026,9,3,42.2294186
2026,9,4,42.2294186
2026,9,5,42.2294186
2026,9,6,42.2294186
2026,9,7,42.2294186
2026,9,8,42.2294186
2026,9,9,42.2294186
2026,9,10,42.2294186
2026,9,11,42.2294186
2026,9,12,42.2294186
2026,9,13,42.2294186
2026,9,14,42.2294186
2026,9,15,42.2294186
2026,9,16,42.2294186
2026,9,17,42.2294186
2026,9,18,42.2294186
2026,9,19,42.2294186
2026,9,20,42.2294186
2026,9,21,42.2294186
2026,9,22,42.2294186
2026,9,23,42.2294186
2026,9,24,42.2294186
2026,9,25,42.2294186
2026,9,26,42.2294186
2026,9,27,42.2294186
2026,9,28,42.2294186
2026,9,29,42.2294186
2026,9,30,42.2294186
2026,10,1,42.2294186
2026,10,2,42.2294186
2026,10,3,42.2294186
2026,10,4,42.2294186
2026,10,5,42.2294186
2026,10,6,42.2294186
2026,10,7,42.2294186
2026,10,8,42.2294186
2026,10,9,42.2294186
2026,10,10,42.2294186
2026,10,11,42.2294186
2026,10,12,42.2294186
2026,10,13,42.2294186
2026,10,14,42.2294186
2026,10,15,42.2294186
2026,10,16,42.2294186
2026,10,17,42.2294186
2026,10,18,42.2294186
2026,10,19,42.2294186
2026,10,20,42.2294186
2026,10,21,42.2294186
2026,10,22,42.2294186
2026,10,23,42.2294186
2026,10,24,42.2294186
2026,10,25,42.2294186
2026,10,26,42.2294186
2026,10,27,42.2294186
2026,10,28,42.2294186
2026,10,29,42.2294186
2026,10,30,42.2294186
2026,10,31,42.2294186
2026,11,1,42.2294186
2026,11,2,42.2294186
2026,11,3,42.2294186
2026,11,4,42.2294186
2026,11,5,42.2294186
2026,11,6,42.2294186
2026,11,7,42.2294186
2026,11,8,42.2294186
2026,11,9,42.2294186
2026,11,10,42.2294186
2026,11,11,42.2294186
2026,11,12,42.2294186
2026,11,13,42.2294186
2026,11,14,42.2294186
2026,11,15,42.2294186
2026,11,16,42.2294186
2026,11,17,42.2294186
2026,11,18,42.2294186
2026,11,19,42.2294186
2026,11,20,42.2294186
2026,11,21,42.2294186
2026,11,22,42.2294186
2026,11,23,42.2294186
2026,11,24,42.2294186
2026,11,25,42.2294186
2026,11,26,42.2294186
2026,11,27,42.2294186
2026,11,28,42.2294186
2026,11,29,42.2294186
2026,11,30,42.2294186
2026,12,1,42.2294186
2026,12,2,42.2294186
2026,12,3,42.2294186
2026,12,4,42.2294186
2026,12,5,42.2294186
2026,12,6,42.2294186
2026,12,7,42.2294186
2026,12,8,42.2294186
2026,12,9,42.2294186
2026,12,10,42.2294186
2026,12,11,42.2294186
2026,12,12,42.2294186
2026,12,13,42.2294186
2026,12,14,42.2294186
2026,12,15,42.2294186
2026,12,16,42.2294186
2026,12,17,42.2294186
2026,12,18,42.2294186
2026,12,19,42.2294186
2026,12,20,42.2294186
2026,12,21,42.2294186
2026,12,22,42.2294186
2026,12,23,42.2294186
2026,12,24,42.2294186
2026,12,25,42.2294186
2026,12,26,42.2294186
2026,12,27,42.2294186
2026,12,28,42.2294186
2026,12,29,42.2294186
2026,12,30,42.2294186
2026,12,31,42.2294186
2027,1,1,47.1720639
2027,1,2,47.1720639
2027,1,3,47.1720639
2027,1,4,47.1720639
2027,1,5,47.1720639
2027,1,6,47.1720639
2027,1,7,47.1720639
2027,1,8,47.1720639
2027,1,9,47.1720639
2027,1,10,47.1720639
2027,1,11,47.1720639
2027,1,12,47.1720639
2027,1,13,47.1720639
2027,1,14,47.1720639
2027,1,15,47.1720639
2027,1,16,47.1720639
2027,1,17,47.1720639
2027,1,18,47.1720639
2027,1,19,47.1720639
2027,1,20,47.1720639
2027,1,21,47.1720639
2027,1,22,47.1720639
2027,1,23,47.1720639
2027,1,24,47.1720639
2027,1,25,47.1720639
2027,1,26,47.1720639
2027,1,27,47.1720639
2027,1,28,47.1720639
2027,1,29,47.1720639
2027,1,30,47.1720639
2027,1,31,47.1720639
2027,2,1,47.1720639
2027,2,2,47.1720639
2027,2,3,47.1720639
2027,2,4,47.1720639
2027,2,5,47.1720639
2027,2,6,47.1720639
2027,2,7,47.1720639
2027,2,8,47.1720639
2027,2,9,47.1720639
2027,2,10,47.1720639
2027,2,11,47.1720639
2027,2,12,47.1720639
2027,2,13,47.1720639
2027,2,14,47.1720639
2027,2,15,47.1720639
2027,2,16,47.1720639
2027,2,17,47.1720639
2027,2,18,47.1720639
2027,2,19,47.1720639
2027,2,20,47.1720639
2027,2,21,47.1720639
2027,2,22,47.1720639
2027,2,23,47.1720639
2027,2,24,47.1720639
2027,2,25,47.1720639
2027,2,26,47.1720639
2027,2,27,47.1720639
2027,2,28,47.1720639
2027,3,1,47.1720639
2027,3,2,47.1720639
2027,3,3,47.1720639
2027,3,4,47.1720639
2027,3,5,47.1720639
2027,3,6,47.1720639
2027,3,7,47.1720639
2027,3,8,47.1720639
2027,3,9,47.1720639
2027,3,10,47.1720639
2027,3,11,47.1720639
2027,3,12,47.1720639
2027,3,13,47.1720639
2027,3,14,47.1720639
2027,3,15,47.1720639
2027,3,16,47.1720639
2027,3,17,47.1720639
2027,3,18,47.1720639
2027,3,19,47.1720639
2027,3,20,47.1720639
2027,3,21,47.1720639
2027,3,22,47.1720639
2027,3,23,47.1720639
2027,3,24,47.1720639
2027,3,25,47.1720639
2027,3,26,47.1720639
2027,3,27,47.1720639
2027,3,28,47.1720639
2027,3,29,47.1720639
2027,3,30,47.1720639
2027,3,31,47.1720639
2027,4,1,47.1720639
2027,4,2,47.1720639
2027,4,3,47.1720639
2027,4,4,47.1720639
2027,4,5,47.1720639
2027,4,6,47.1720639
2027,4,7,47.1720639
2027,4,8,47.1720639
2027,4,9,47.1720639
2027,4,10,47.1720639
2027,4,11,47.1720639
2027,4,12,47.1720639
2027,4,13,47.1720639
2027,4,14,47.1720639
2027,4,15,47.1720639
2027,4,16,47.1720639
2027,4,17,47.1720639
2027,4,18,47.1720639
2027,4,19,47.1720639
2027,4,20,47.1720639
2027,4,21,47.1720639
2027,4,22,47.1720639
2027,4,23,47.1720639
2027,4,24,47.1720639
2027,4,25,47.1720639
2027,4,26,47.1720639
2027,4,27,47.1720639
2027,4,28,47.1720639
2027,4,29,47.1720639
2027,4,30,47.1720639
2027,5,1,47.1720639
2027,5,2,47.1720639
2027,5,3,47.1720639
2027,5,4,47.1720639
2027,5,5,47.1720639
2027,5,6,47.1720639
2027,5,7,47.1720639
2027,5,8,47.1720639
2027,5,9,47.1720639
2027,5,10,47.1720639
2027,5,11,47.1720639
2027,5,12,47.1720639
2027,5,13,47.1720639
2027,5,14,47.1720639
2027,5,15,47.1720639
2027,5,16,47.1720639
2027,5,17,47.1720639
2027,5,18,47.1720639
2027,5,19,47.1720639
2027,5,20,47.1720639
2027,5,21,47.1720639
2027,5,22,47.1720639
2027,5,23,47.1720639
2027,5,24,47.1720639
2027,5,25,47.1720639
2027,5,26,47.1720639
2027,5,27,47.1720639
2027,5,28,47.1720639
2027,5,29,47.1720639
2027,5,30,47.1720639
2027,5,31,47.1720639
2027,6,1,47.1720639
2027,6,2,47.1720639
2027,6,3,47.1720639
2027,6,4,47.1720639
2027,6,5,47.1720639
2027,6,6,47.1720639
2027,6,7,47.1720639
2027,6,8,47.1720639
2027,6,9,47.1720639
2027,6,10,47.1720639
2027,6,11,47.1720639
2027,6,12,47.1720639
2027,6,13,47.1720639
2027,6,14,47.1720639
2027,6,15,47.1720639
2027,6,16,47.1720639
2027,6,17,47.1720639
2027,6,18,47.1720639
2027,6,19,47.1720639
2027,6,20,47.1720639
2027,6,21,47.1720639
2027,6,22,47.1720639
2027,6,23,47.1720639
2027,6,24,47.1720639
2027,6,25,47.1720639
2027,6,26,47.1720639
2027,6,27,47.1720639
2027,6,28,47.1720639
2027,6,29,47.1720639
2027,6,30,47.1720639
2027,7,1,47.1720639
2027,7,2,47.1720639
2027,7,3,47.1720639
2027,7,4,47.1720639
2027,7,5,47.1720639
2027,7,6,47.1720639
2027,7,7,47.1720639
2027,7,8,47.1720639
2027,7,9,47.1720639
2027,7,10,47.1720639
2027,7,11,47.1720639
2027,7,12,47.1720639
2027,7,13,47.1720639
2027,7,14,47.1720639
2027,7,15,47.1720639
2027,7,16,47.1720639
2027,7,17,47.1720639
2027,7,18,47.1720639
2027,7,19,47.1720639
2027,7,20,47.1720639
2027,7,21,47.1720639
2027,7,22,47.1720639
2027,7,23,47.1720639
2027,7,24,47.1720639
2027,7,25,47.1720639
2027,7,26,47.1720639
2027,7,27,47.1720639
2027,7,28,47.1720639
2027,7,29,47.1720639
2027,7,30,47.1720639
2027,7,31,47.1720639
2027,8,1,47.1720639
2027,8,2,47.1720639
2027,8,3,47.1720639
2027,8,4,47.1720639
2027,8,5,47.1720639
2027,8,6,47.1720639
2027,8,7,47.1720639
2027,8,8,47.1720639
2027,8,9,47.1720639
2027,8,10,47.1720639
2027,8,11,47.1720639
2027,8,12,47.1720639
2027,8,13,47.1720639
2027,8,14,47.1720639
2027,8,15,47.1720639
2027,8,16,47.1720639
2027,8,17,47.1720639
2027,8,18,47.1720639
2027,8,19,47.1720639
2027,8,20,47.1720639
2027,8,21,47.1720639
2027,8,22,47.1720639
2027,8,23,47.1720639
2027,8,24,47.1720639
2027,8,25,47.1720639
2027,8,26,47.1720639
2027,8,27,47.1720639
2027,8,28,47.1720639
2027,8,29,47.1720639
2027,8,30,47.1720639
2027,8,31,47.1720639
2027,9,1,47.1720639
2027,9,2,47.1720639
2027,9,3,47.1720639
2027,9,4,47.1720639
2027,9,5,47.1720639
2027,9,6,47.1720639
2027,9,7,47.1720639
2027,9,8,47.1720639
2027,9,9,47.1720639
2027,9,10,47.1720639
2027,9,11,47.1720639
2027,9,12,47.1720639
2027,9,13,47.1720639
2027,9,14,47.1720639
2027,9,15,47.1720639
2027,9,16,47.1720639
2027,9,17,47.1720639
2027,9,18,47.1720639
2027,9,19,47.1720639
2027,9,20,47.1720639
2027,9,21,47.1720639
2027,9,22,47.1720639
2027,9,23,47.1720639
2027,9,24,47.1720639
2027,9,25,47.1720639
2027,9,26,47.1720639
2027,9,27,47.1720639
2027,9,28,47.1720639
2027,9,29,47.1720639
2027,9,30,47.1720639
2027,10,1,47.1720639
2027,10,2,47.1720639
2027,10,3,47.1720639
2027,10,4,47.1720639
2027,10,5,47.1720639
2027,10,6,47.1720639
2027,10,7,47.1720639
2027,10,8,47.1720639
2027,10,9,47.1720639
2027,10,10,47.1720639
2027,10,11,47.1720639
2027,10,12,47.1720639
2027,10,13,47.1720639
2027,10,14,47.1720639
2027,10,15,47.1720639
2027,10,16,47.1720639
2027,10,17,47.1720639
2027,10,18,47.1720639
2027,10,19,47.1720639
2027,10,20,47.1720639
2027,10,21,47.1720639
2027,10,22,47.1720639
2027,10,23,47.1720639
2027,10,24,47.1720639
2027,10,25,47.1720639
2027,10,26,47.1720639
2027,10,27,47.1720639
2027,10,28,47.1720639
2027,10,29,47.1720639
2027,10,30,47.1720639
2027,10,31,47.1720639
2027,11,1,47.1720639
2027,11,2,47.1720639
2027,11,3,47.1720639
2027,11,4,47.1720639
2027,11,5,47.1720639
2027,11,6,47.1720639
2027,11,7,47.1720639
2027,11,8,47.1720639
2027,11,9,47.1720639
2027,11,10,47.1720639
2027,11,11,47.1720639
2027,11,12,47.1720639
2027,11,13,47.1720639
2027,11,14,47.1720639
2027,11,15,47.1720639
2027,11,16,47.1720639
2027,11,17,47.1720639
2027,11,18,47.1720639
2027,11,19,47.1720639
2027,11,20,47.1720639
2027,11,21,47.1720639
2027,11,22,47.1720639
2027,11,23,47.1720639
2027,11,24,47.1720639
2027,11,25,47.1720639
2027,11,26,47.1720639
2027,11,27,47.1720639
2027,11,28,47.1720639
2027,11,29,47.1720639
2027,11,30,47.1720639
2027,12,1,47.1720639
2027,12,2,47.1720639
2027,12,3,47.1720639
2027,12,4,47.1720639
2027,12,5,47.1720639
2027,12,6,47.1720639
2027,12,7,47.1720639
2027,12,8,47.1720639
2027,12,9,47.1720639
2027,12,10,47.1720639
2027,12,11,47.1720639
2027,12,12,47.1720639
2027,12,13,47.1720639
2027,12,14,47.1720639
2027,12,15,47.1720639
2027,12,16,47.1720639
2027,12,17,47.1720639
2027,12,18,47.1720639
2027,12,19,47.1720639
2027,12,20,47.1720639
2027,12,21,47.1720639
2027,12,22,47.1720639
2027,12,23,47.1720639
2027,12,24,47.1720639
2027,12,25,47.1720639
2027,12,26,47.1720639
2027,12,27,47.1720639
2027,12,28,47.1720639
2027,12,29,47.1720639
2027,12,30,47.1720639
2027,12,31,47.1720639
2028,1,1,52.1147093
2028,1,2,52.1147093
2028,1,3,52.1147093
2028,1,4,52.1147093
2028,1,5,52.1147093
2028,1,6,52.1147093
2028,1,7,52.1147093
2028,1,8,52.1147093
2028,1,9,52.1147093
2028,1,10,52.1147093
2028,1,11,52.1147093
2028,1,12,52.1147093
2028,1,13,52.1147093
2028,1,14,52.1147093
2028,1,15,52.1147093
2028,1,16,52.1147093
2028,1,17,52.1147093
2028,1,18,52.1147093
2028,1,19,52.1147093
2028,1,20,52.1147093
2028,1,21,52.1147093
2028,1,22,52.1147093
2028,1,23,52.1147093
2028,1,24,52.1147093
2028,1,25,52.1147093
2028,1,26,52.1147093
2028,1,27,52.1147093
2028,1,28,52.1147093
2028,1,29,52.1147093
2028,1,30,52.1147093
2028,1,31,52.1147093
2028,2,1,52.1147093
2028,2,2,52.1147093
2028,2,3,52.1147093
2028,2,4,52.1147093
2028,2,5,52.1147093
2028,2,6,52.1147093
2028,2,7,52.1147093
2028,2,8,52.1147093
2028,2,9,52.1147093
2028,2,10,52.1147093
2028,2,11,52.1147093
2028,2,12,52.1147093
2028,2,13,52.1147093
2028,2,14,52.1147093
2028,2,15,52.1147093
2028,2,16,52.1147093
2028,2,17,52.1147093
2028,2,18,52.1147093
2028,2,19,52.1147093
2028,2,20,52.1147093
2028,2,21,52.1147093
2028,2,22,52.1147093
2028,2,23,52.1147093
2028,2,24,52.1147093
2028,2,25,52.1147093
2028,2,26,52.1147093
2028,2,27,52.1147093
2028,2,28,52.1147093
2028,3,1,52.1147093
2028,3,2,52.1147093
2028,3,3,52.1147093
2028,3,4,52.1147093
2028,3,5,52.1147093
2028,3,6,52.1147093
2028,3,7,52.1147093
2028,3,8,52.1147093
2028,3,9,52.1147093
2028,3,10,52.1147093
2028,3,11,52.1147093
2028,3,12,52.1147093
2028,3,13,52.1147093
2028,3,14,52.1147093
2028,3,15,52.1147093
2028,3,16,52.1147093
2028,3,17,52.1147093
2028,3,18,52.1147093
2028,3,19,52.1147093
2028,3,20,52.1147093
2028,3,21,52.1147093
2028,3,22,52.1147093
2028,3,23,52.1147093
2028,3,24,52.1147093
2028,3,25,52.1147093
2028,3,26,52.1147093
2028,3,27,52.1147093
2028,3,28,52.1147093
2028,3,29,52.1147093
2028,3,30,52.1147093
2028,3,31,52.1147093
2028,4,1,52.1147093
2028,4,2,52.1147093
2028,4,3,52.1147093
2028,4,4,52.1147093
2028,4,5,52.1147093
2028,4,6,52.1147093
2028,4,7,52.1147093
2028,4,8,52.1147093
2028,4,9,52.1147093
2028,4,10,52.1147093
2028,4,11,52.1147093
2028,4,12,52.1147093
2028,4,13,52.1147093
2028,4,14,52.1147093
2028,4,15,52.1147093
2028,4,16,52.1147093
2028,4,17,52.1147093
2028,4,18,52.1147093
2028,4,19,52.1147093
2028,4,20,52.1147093
2028,4,21,52.1147093
2028,4,22,52.1147093
2028,4,23,52.1147093
2028,4,24,52.1147093
2028,4,25,52.1147093
2028,4,26,52.1147093
2028,4,27,52.1147093
2028,4,28,52.1147093
2028,4,29,52.1147093
2028,4,30,52.1147093
2028,5,1,52.1147093
2028,5,2,52.1147093
2028,5,3,52.1147093
2028,5,4,52.1147093
2028,5,5,52.1147093
2028,5,6,52.1147093
2028,5,7,52.1147093
2028,5,8,52.1147093
2028,5,9,52.1147093
2028,5,10,52.1147093
2028,5,11,52.1147093
2028,5,12,52.1147093
2028,5,13,52.1147093
2028,5,14,52.1147093
2028,5,15,52.1147093
2028,5,16,52.1147093
2028,5,17,52.1147093
2028,5,18,52.1147093
2028,5,19,52.1147093
2028,5,20,52.1147093
2028,5,21,52.1147093
2028,5,22,52.1147093
2028,5,23,52.1147093
2028,5,24,52.1147093
2028,5,25,52.1147093
2028,5,26,52.1147093
2028,5,27,52.1147093
2028,5,28,52.1147093
2028,5,29,52.1147093
2028,5,30,52.1147093
2028,5,31,52.1147093
2028,6,1,52.1147093
2028,6,2,52.1147093
2028,6,3,52.1147093
2028,6,4,52.1147093
2028,6,5,52.1147093
2028,6,6,52.1147093
2028,6,7,52.1147093
2028,6,8,52.1147093
2028,6,9,52.1147093
2028,6,10,52.1147093
2028,6,11,52.1147093
2028,6,12,52.1147093
2028,6,13,52.1147093
2028,6,14,52.1147093
2028,6,15,52.1147093
2028,6,16,52.1147093
2028,6,17,52.1147093
2028,6,18,52.1147093
2028,6,19,52.1147093
2028,6,20,52.1147093
2028,6,21,52.1147093
2028,6,22,52.1147093
2028,6,23,52.1147093
2028,6,24,52.1147093
2028,6,25,52.1147093
2028,6,26,52.1147093
2028,6,27,52.1147093
2028,6,28,52.1147093
2028,6,29,52.1147093
2028,6,30,52.1147093
2028,7,1,52.1147093
2028,7,2,52.1147093
2028,7,3,52.1147093
2028,7,4,52.1147093
2028,7,5,52.1147093
2028,7,6,52.1147093
2028,7,7,52.1147093
2028,7,8,52.1147093
2028,7,9,52.1147093
2028,7,10,52.1147093
2028,7,11,52.1147093
2028,7,12,52.1147093
2028,7,13,52.1147093
2028,7,14,52.1147093
2028,7,15,52.1147093
2028,7,16,52.1147093
2028,7,17,52.1147093
2028,7,18,52.1147093
2028,7,19,52.1147093
2028,7,20,52.1147093
2028,7,21,52.1147093
2028,7,22,52.1147093
2028,7,23,52.1147093
2028,7,24,52.1147093
2028,7,25,52.1147093
2028,7,26,52.1147093
2028,7,27,52.1147093
2028,7,28,52.1147093
2028,7,29,52.1147093
2028,7,30,52.1147093
2028,7,31,52.1147093
2028,8,1,52.1147093
2028,8,2,52.1147093
2028,8,3,52.1147093
2028,8,4,52.1147093
2028,8,5,52.1147093
2028,8,6,52.1147093
2028,8,7,52.1147093
2028,8,8,52.1147093
2028,8,9,52.1147093
2028,8,10,52.1147093
2028,8,11,52.1147093
2028,8,12,52.1147093
2028,8,13,52.1147093
2028,8,14,52.1147093
2028,8,15,52.1147093
2028,8,16,52.1147093
2028,8,17,52.1147093
2028,8,18,52.1147093
2028,8,19,52.1147093
2028,8,20,52.1147093
2028,8,21,52.1147093
2028,8,22,52.1147093
2028,8,23,52.1147093
2028,8,24,52.1147093
2028,8,25,52.1147093
2028,8,26,52.1147093
2028,8,27,52.1147093
2028,8,28,52.1147093
2028,8,29,52.1147093
2028,8,30,52.1147093
2028,8,31,52.1147093
2028,9,1,52.1147093
2028,9,2,52.1147093
2028,9,3,52.1147093
2028,9,4,52.1147093
2028,9,5,52.1147093
2028,9,6,52.1147093
2028,9,7,52.1147093
2028,9,8,52.1147093
2028,9,9,52.1147093
2028,9,10,52.1147093
2028,9,11,52.1147093
2028,9,12,52.1147093
2028,9,13,52.1147093
2028,9,14,52.1147093
2028,9,15,52.1147093
2028,9,16,52.1147093
2028,9,17,52.1147093
2028,9,18,52.1147093
2028,9,19,52.1147093
2028,9,20,52.1147093
2028,9,21,52.1147093
2028,9,22,52.1147093
2028,9,23,52.1147093
2028,9,24,52.1147093
2028,9,25,52.1147093
2028,9,26,52.1147093
2028,9,27,52.1147093
2028,9,28,52.1147093
2028,9,29,52.1147093
2028,9,30,52.1147093
2028,10,1,52.1147093
2028,10,2,52.1147093
2028,10,3,52.1147093
2028,10,4,52.1147093
2028,10,5,52.1147093
2028,10,6,52.1147093
2028,10,7,52.1147093
2028,10,8,52.1147093
2028,10,9,52.1147093
2028,10,10,52.1147093
2028,10,11,52.1147093
2028,10,12,52.1147093
2028,10,13,52.1147093
2028,10,14,52.1147093
2028,10,15,52.1147093
2028,10,16,52.1147093
2028,10,17,52.1147093
2028,10,18,52.1147093
2028,10,19,52.1147093
2028,10,20,52.1147093
2028,10,21,52.1147093
2028,10,22,52.1147093
2028,10,23,52.1147093
2028,10,24,52.1147093
2028,10,25,52.1147093
2028,10,26,52.1147093
2028,10,27,52.1147093
2028,10,28,52.1147093
2028,10,29,52.1147093
2028,10,30,52.1147093
2028,10,31,52.1147093
2028,11,1,52.1147093
2028,11,2,52.1147093
2028,11,3,52.1147093
2028,11,4,52.1147093
2028,11,5,52.1147093
2028,11,6,52.1147093
2028,11,7,52.1147093
2028,11,8,52.1147093
2028,11,9,52.1147093
2028,11,10,52.1147093
2028,11,11,52.1147093
2028,11,12,52.1147093
2028,11,13,52.1147093
2028,11,14,52.1147093
2028,11,15,52.1147093
2028,11,16,52.1147093
2028,11,17,52.1147093
2028,11,18,52.1147093
2028,11,19,52.1147093
2028,11,20,52.1147093
2028,11,21,52.1147093
2028,11,22,52.1147093
2028,11,23,52.1147093
2028,11,24,52.1147093
2028,11,25,52.1147093
2028,11,26,52.1147093
2028,11,27,52.1147093
2028,11,28,52.1147093
2028,11,29,52.1147093
2028,11,30,52.1147093
2028,12,1,52.1147093
2028,12,2,52.1147093
2028,12,3,52.1147093
2028,12,4,52.1147093
2028,12,5,52.1147093
2028,12,6,52.1147093
2028,12,7,52.1147093
2028,12,8,52.1147093
2028,12,9,52.1147093
2028,12,10,52.1147093
2028,12,11,52.1147093
2028,12,12,52.1147093
2028,12,13,52.1147093
2028,12,14,52.1147093
2028,12,15,52.1147093
2028,12,16,52.1147093
2028,12,17,52.1147093
2028,12,18,52.1147093
2028,12,19,52.1147093
2028,12,20,52.1147093
2028,12,21,52.1147093
2028,12,22,52.1147093
2028,12,23,52.1147093
2028,12,24,52.1147093
2028,12,25,52.1147093
2028,12,26,52.1147093
2028,12,27,52.1147093
2028,12,28,52.1147093
2028,12,29,52.1147093
2028,12,30,52.1147093
2028,12,31,52.1147093
2029,1,1,57.0573546
2029,1,2,57.0573546
2029,1,3,57.0573546
2029,1,4,57.0573546
2029,1,5,57.0573546
2029,1,6,57.0573546
2029,1,7,57.0573546
2029,1,8,57.0573546
2029,1,9,57.0573546
2029,1,10,57.0573546
2029,1,11,57.0573546
2029,1,12,57.0573546
2029,1,13,57.0573546
2029,1,14,57.0573546
2029,1,15,57.0573546
2029,1,16,57.0573546
2029,1,17,57.0573546
2029,1,18,57.0573546
2029,1,19,57.0573546
2029,1,20,57.0573546
2029,1,21,57.0573546
2029,1,22,57.0573546
2029,1,23,57.0573546
2029,1,24,57.0573546
2029,1,25,57.0573546
2029,1,26,57.0573546
2029,1,27,57.0573546
2029,1,28,57.0573546
2029,1,29,57.0573546
2029,1,30,57.0573546
2029,1,31,57.0573546
2029,2,1,57.0573546
2029,2,2,57.0573546
2029,2,3,57.0573546
2029,2,4,57.0573546
2029,2,5,57.0573546
2029,2,6,57.0573546
2029,2,7,57.0573546
2029,2,8,57.0573546
2029,2,9,57.0573546
2029,2,10,57.0573546
2029,2,11,57.0573546
2029,2,12,57.0573546
2029,2,13,57.0573546
2029,2,14,57.0573546
2029,2,15,57.0573546
2029,2,16,57.0573546
2029,2,17,57.0573546
2029,2,18,57.0573546
2029,2,19,57.0573546
2029,2,20,57.0573546
2029,2,21,57.0573546
2029,2,22,57.0573546
2029,2,23,57.0573546
2029,2,24,57.0573546
2029,2,25,57.0573546
2029,2,26,57.0573546
2029,2,27,57.0573546
2029,2,28,57.0573546
2029,3,1,57.0573546
2029,3,2,57.0573546
2029,3,3,57.0573546
2029,3,4,57.0573546
2029,3,5,57.0573546
2029,3,6,57.0573546
2029,3,7,57.0573546
2029,3,8,57.0573546
2029,3,9,57.0573546
2029,3,10,57.0573546
2029,3,11,57.0573546
2029,3,12,57.0573546
2029,3,13,57.0573546
2029,3,14,57.0573546
2029,3,15,57.0573546
2029,3,16,57.0573546
2029,3,17,57.0573546
2029,3,18,57.0573546
2029,3,19,57.0573546
2029,3,20,57.0573546
2029,3,21,57.0573546
2029,3,22,57.0573546
2029,3,23,57.0573546
2029,3,24,57.0573546
2029,3,25,57.0573546
2029,3,26,57.0573546
2029,3,27,57.0573546
2029,3,28,57.0573546
2029,3,29,57.0573546
2029,3,30,57.0573546
2029,3,31,57.0573546
2029,4,1,57.0573546
2029,4,2,57.0573546
2029,4,3,57.0573546
2029,4,4,57.0573546
2029,4,5,57.0573546
2029,4,6,57.0573546
2029,4,7,57.0573546
2029,4,8,57.0573546
2029,4,9,57.0573546
2029,4,10,57.0573546
2029,4,11,57.0573546
2029,4,12,57.0573546
2029,4,13,57.0573546
2029,4,14,57.0573546
2029,4,15,57.0573546
2029,4,16,57.0573546
2029,4,17,57.0573546
2029,4,18,57.0573546
2029,4,19,57.0573546
2029,4,20,57.0573546
2029,4,21,57.0573546
2029,4,22,57.0573546
2029,4,23,57.0573546
2029,4,24,57.0573546
2029,4,25,57.0573546
2029,4,26,57.0573546
2029,4,27,57.0573546
2029,4,28,57.0573546
2029,4,29,57.0573546
2029,4,30,57.0573546
2029,5,1,57.0573546
2029,5,2,57.0573546
2029,5,3,57.0573546
2029,5,4,57.0573546
2029,5,5,57.0573546
2029,5,6,57.0573546
2029,5,7,57.0573546
2029,5,8,57.0573546
2029,5,9,57.0573546
2029,5,10,57.0573546
2029,5,11,57.0573546
2029,5,12,57.0573546
2029,5,13,57.0573546
2029,5,14,57.0573546
2029,5,15,57.0573546
2029,5,16,57.0573546
2029,5,17,57.0573546
2029,5,18,57.0573546
2029,5,19,57.0573546
2029,5,20,57.0573546
2029,5,21,57.0573546
2029,5,22,57.0573546
2029,5,23,57.0573546
2029,5,24,57.0573546
2029,5,25,57.0573546
2029,5,26,57.0573546
2029,5,27,57.0573546
2029,5,28,57.0573546
2029,5,29,57.0573546
2029,5,30,57.0573546
2029,5,31,57.0573546
2029,6,1,57.0573546
2029,6,2,57.0573546
2029,6,3,57.0573546
2029,6,4,57.0573546
2029,6,5,57.0573546
2029,6,6,57.0573546
2029,6,7,57.0573546
2029,6,8,57.0573546
2029,6,9,57.0573546
2029,6,10,57.0573546
2029,6,11,57.0573546
2029,6,12,57.0573546
2029,6,13,57.0573546
2029,6,14,57.0573546
2029,6,15,57.0573546
2029,6,16,57.0573546
2029,6,17,57.0573546
2029,6,18,57.0573546
2029,6,19,57.0573546
2029,6,20,57.0573546
2029,6,21,57.0573546
2029,6,22,57.0573546
2029,6,23,57.0573546
2029,6,24,57.0573546
2029,6,25,57.0573546
2029,6,26,57.0573546
2029,6,27,57.0573546
2029,6,28,57.0573546
2029,6,29,57.0573546
2029,6,30,57.0573546
2029,7,1,57.0573546
2029,7,2,57.0573546
2029,7,3,57.0573546
2029,7,4,57.0573546
2029,7,5,57.0573546
2029,7,6,57.0573546
2029,7,7,57.0573546
2029,7,8,57.0573546
2029,7,9,57.0573546
2029,7,10,57.0573546
2029,7,11,57.0573546
2029,7,12,57.0573546
2029,7,13,57.0573546
2029,7,14,57.0573546
2029,7,15,57.0573546
2029,7,16,57.0573546
2029,7,17,57.0573546
2029,7,18,57.0573546
2029,7,19,57.0573546
2029,7,20,57.0573546
2029,7,21,57.0573546
2029,7,22,57.0573546
2029,7,23,57.0573546
2029,7,24,57.0573546
2029,7,25,57.0573546
2029,7,26,57.0573546
2029,7,27,57.0573546
2029,7,28,57.0573546
2029,7,29,57.0573546
2029,7,30,57.0573546
2029,7,31,57.0573546
2029,8,1,57.0573546
2029,8,2,57.0573546
2029,8,3,57.0573546
2029,8,4,57.0573546
2029,8,5,57.0573546
2029,8,6,57.0573546
2029,8,7,57.0573546
2029,8,8,57.0573546
2029,8,9,57.0573546
2029,8,10,57.0573546
2029,8,11,57.0573546
2029,8,12,57.0573546
2029,8,13,57.0573546
2029,8,14,57.0573546
2029,8,15,57.0573546
2029,8,16,57.0573546
2029,8,17,57.0573546
2029,8,18,57.0573546
2029,8,19,57.0573546
2029,8,20,57.0573546
2029,8,21,57.0573546
2029,8,22,57.0573546
2029,8,23,57.0573546
2029,8,24,57.0573546
2029,8,25,57.0573546
2029,8,26,57.0573546
2029,8,27,57.0573546
2029,8,28,57.0573546
2029,8,29,57.0573546
2029,8,30,57.0573546
2029,8,31,57.0573546
2029,9,1,57.0573546
2029,9,2,57.0573546
2029,9,3,57.0573546
2029,9,4,57.0573546
2029,9,5,57.0573546
2029,9,6,57.0573546
2029,9,7,57.0573546
2029,9,8,57.0573546
2029,9,9,57.0573546
2029,9,10,57.0573546
2029,9,11,57.0573546
2029,9,12,57.0573546
2029,9,13,57.0573546
2029,9,14,57.0573546
2029,9,15,57.0573546
2029,9,16,57.0573546
2029,9,17,57.0573546
2029,9,18,57.0573546
2029,9,19,57.0573546
2029,9,20,57.0573546
2029,9,21,57.0573546
2029,9,22,57.0573546
2029,9,23,57.0573546
2029,9,24,57.0573546
2029,9,25,57.0573546
2029,9,26,57.0573546
2029,9,27,57.0573546
2029,9,28,57.0573546
2029,9,29,57.0573546
2029,9,30,57.0573546
2029,10,1,57.0573546
2029,10,2,57.0573546
2029,10,3,57.0573546
2029,10,4,57.0573546
2029,10,5,57.0573546
2029,10,6,57.0573546
2029,10,7,57.0573546
2029,10,8,57.0573546
2029,10,9,57.0573546
2029,10,10,57.0573546
2029,10,11,57.0573546
2029,10,12,57.0573546
2029,10,13,57.0573546
2029,10,14,57.0573546
2029,10,15,57.0573546
2029,10,16,57.0573546
2029,10,17,57.0573546
2029,10,18,57.0573546
2029,10,19,57.0573546
2029,10,20,57.0573546
2029,10,21,57.0573546
2029,10,22,57.0573546
2029,10,23,57.0573546
2029,10,24,57.0573546
2029,10,25,57.0573546
2029,10,26,57.0573546
2029,10,27,57.0573546
2029,10,28,57.0573546
2029,10,29,57.0573546
2029,10,30,57.0573546
2029,10,31,57.0573546
2029,11,1,57.0573546
2029,11,2,57.0573546
2029,11,3,57.0573546
2029,11,4,57.0573546
2029,11,5,57.0573546
2029,11,6,57.0573546
2029,11,7,57.0573546
2029,11,8,57.0573546
2029,11,9,57.0573546
2029,11,10,57.0573546
2029,11,11,57.0573546
2029,11,12,57.0573546
2029,11,13,57.0573546
2029,11,14,57.0573546
2029,11,15,57.0573546
2029,11,16,57.0573546
2029,11,17,57.0573546
2029,11,18,57.0573546
2029,11,19,57.0573546
2029,11,20,57.0573546
2029,11,21,57.0573546
2029,11,22,57.0573546
2029,11,23,57.0573546
2029,11,24,57.0573546
2029,11,25,57.0573546
2029,11,26,57.0573546
2029,11,27,57.0573546
2029,11,28,57.0573546
2029,11,29,57.0573546
2029,11,30,57.0573546
2029,12,1,57.0573546
2029,12,2,57.0573546
2029,12,3,57.0573546
2029,12,4,57.0573546
2029,12,5,57.0573546
2029,12,6,57.0573546
2029,12,7,57.0573546
2029,12,8,57.0573546
2029,12,9,57.0573546
2029,12,10,57.0573546
2029,12,11,57.0573546
2029,12,12,57.0573546
2029,12,13,57.0573546
2029,12,14,57.0573546
2029,12,15,57.0573546
2029,12,16,57.0573546
2029,12,17,57.0573546
2029,12,18,57.0573546
2029,12,19,57.0573546
2029,12,20,57.0573546
2029,12,21,57.0573546
2029,12,22,57.0573546
2029,12,23,57.0573546
2029,12,24,57.0573546
2029,12,25,57.0573546
2029,12,26,57.0573546
2029,12,27,57.0573546
2029,12,28,57.0573546
2029,12,29,57.0573546
2029,12,30,57.0573546
2029,12,31,57.0573546
2030,1,1,62.0
2030,1,2,62.0
2030,1,3,62.0
2030,1,4,62.0
2030,1,5,62.0
2030,1,6,62.0
2030,1,7,62.0
2030,1,8,62.0
2030,1,9,62.0
2030,1,10,62.0
2030,1,11,62.0
2030,1,12,62.0
2030,1,13,62.0
2030,1,14,62.0
2030,1,15,62.0
2030,1,16,62.0
2030,1,17,62.0
2030,1,18,62.0
2030,1,19,62.0
2030,1,20,62.0
2030,1,21,62.0
2030,1,22,62.0
2030,1,23,62.0
2030,1,24,62.0
2030,1,25,62.0
2030,1,26,62.0
2030,1,27,62.0
2030,1,28,62.0
2030,1,29,62.0
2030,1,30,62.0
2030,1,31,62.0
2030,2,1,62.0
2030,2,2,62.0
2030,2,3,62.0
2030,2,4,62.0
2030,2,5,62.0
2030,2,6,62.0
2030,2,7,62.0
2030,2,8,62.0
2030,2,9,62.0
2030,2,10,62.0
2030,2,11,62.0
2030,2,12,62.0
2030,2,13,62.0
2030,2,14,62.0
2030,2,15,62.0
2030,2,16,62.0
2030,2,17,62.0
2030,2,18,62.0
2030,2,19,62.0
2030,2,20,62.0
2030,2,21,62.0
2030,2,22,62.0
2030,2,23,62.0
2030,2,24,62.0
2030,2,25,62.0
2030,2,26,62.0
2030,2,27,62.0
2030,2,28,62.0
2030,3,1,62.0
2030,3,2,62.0
2030,3,3,62.0
2030,3,4,62.0
2030,3,5,62.0
2030,3,6,62.0
2030,3,7,62.0
2030,3,8,62.0
2030,3,9,62.0
2030,3,10,62.0
2030,3,11,62.0
2030,3,12,62.0
2030,3,13,62.0
2030,3,14,62.0
2030,3,15,62.0
2030,3,16,62.0
2030,3,17,62.0
2030,3,18,62.0
2030,3,19,62.0
2030,3,20,62.0
2030,3,21,62.0
2030,3,22,62.0
2030,3,23,62.0
2030,3,24,62.0
2030,3,25,62.0
2030,3,26,62.0
2030,3,27,62.0
2030,3,28,62.0
2030,3,29,62.0
2030,3,30,62.0
2030,3,31,62.0
2030,4,1,62.0
2030,4,2,62.0
2030,4,3,62.0
2030,4,4,62.0
2030,4,5,62.0
2030,4,6,62.0
2030,4,7,62.0
2030,4,8,62.0
2030,4,9,62.0
2030,4,10,62.0
2030,4,11,62.0
2030,4,12,62.0
2030,4,13,62.0
2030,4,14,62.0
2030,4,15,62.0
2030,4,16,62.0
2030,4,17,62.0
2030,4,18,62.0
2030,4,19,62.0
2030,4,20,62.0
2030,4,21,62.0
2030,4,22,62.0
2030,4,23,62.0
2030,4,24,62.0
2030,4,25,62.0
2030,4,26,62.0
2030,4,27,62.0
2030,4,28,62.0
2030,4,29,62.0
2030,4,30,62.0
2030,5,1,62.0
2030,5,2,62.0
2030,5,3,62.0
2030,5,4,62.0
2030,5,5,62.0
2030,5,6,62.0
2030,5,7,62.0
2030,5,8,62.0
2030,5,9,62.0
2030,5,10,62.0
2030,5,11,62.0
2030,5,12,62.0
2030,5,13,62.0
2030,5,14,62.0
2030,5,15,62.0
2030,5,16,62.0
2030,5,17,62.0
2030,5,18,62.0
2030,5,19,62.0
2030,5,20,62.0
2030,5,21,62.0
2030,5,22,62.0
2030,5,23,62.0
2030,5,24,62.0
2030,5,25,62.0
2030,5,26,62.0
2030,5,27,62.0
2030,5,28,62.0
2030,5,29,62.0
2030,5,30,62.0
2030,5,31,62.0
2030,6,1,62.0
2030,6,2,62.0
2030,6,3,62.0
2030,6,4,62.0
2030,6,5,62.0
2030,6,6,62.0
2030,6,7,62.0
2030,6,8,62.0
2030,6,9,62.0
2030,6,10,62.0
2030,6,11,62.0
2030,6,12,62.0
2030,6,13,62.0
2030,6,14,62.0
2030,6,15,62.0
2030,6,16,62.0
2030,6,17,62.0
2030,6,18,62.0
2030,6,19,62.0
2030,6,20,62.0
2030,6,21,62.0
2030,6,22,62.0
2030,6,23,62.0
2030,6,24,62.0
2030,6,25,62.0
2030,6,26,62.0
2030,6,27,62.0
2030,6,28,62.0
2030,6,29,62.0
2030,6,30,62.0
2030,7,1,62.0
2030,7,2,62.0
2030,7,3,62.0
2030,7,4,62.0
2030,7,5,62.0
2030,7,6,62.0
2030,7,7,62.0
2030,7,8,62.0
2030,7,9,62.0
2030,7,10,62.0
2030,7,11,62.0
2030,7,12,62.0
2030,7,13,62.0
2030,7,14,62.0
2030,7,15,62.0
2030,7,16,62.0
2030,7,17,62.0
2030,7,18,62.0
2030,7,19,62.0
2030,7,20,62.0
2030,7,21,62.0
2030,7,22,62.0
2030,7,23,62.0
2030,7,24,62.0
2030,7,25,62.0
2030,7,26,62.0
2030,7,27,62.0
2030,7,28,62.0
2030,7,29,62.0
2030,7,30,62.0
2030,7,31,62.0
2030,8,1,62.0
2030,8,2,62.0
2030,8,3,62.0
2030,8,4,62.0
2030,8,5,62.0
2030,8,6,62.0
2030,8,7,62.0
2030,8,8,62.0
2030,8,9,62.0
2030,8,10,62.0
2030,8,11,62.0
2030,8,12,62.0
2030,8,13,62.0
2030,8,14,62.0
2030,8,15,62.0
2030,8,16,62.0
2030,8,17,62.0
2030,8,18,62.0
2030,8,19,62.0
2030,8,20,62.0
2030,8,21,62.0
2030,8,22,62.0
2030,8,23,62.0
2030,8,24,62.0
2030,8,25,62.0
2030,8,26,62.0
2030,8,27,62.0
2030,8,28,62.0
2030,8,29,62.0
2030,8,30,62.0
2030,8,31,62.0
2030,9,1,62.0
2030,9,2,62.0
2030,9,3,62.0
2030,9,4,62.0
2030,9,5,62.0
2030,9,6,62.0
2030,9,7,62.0
2030,9,8,62.0
2030,9,9,62.0
2030,9,10,62.0
2030,9,11,62.0
2030,9,12,62.0
2030,9,13,62.0
2030,9,14,62.0
2030,9,15,62.0
2030,9,16,62.0
2030,9,17,62.0
2030,9,18,62.0
2030,9,19,62.0
2030,9,20,62.0
2030,9,21,62.0
2030,9,22,62.0
2030,9,23,62.0
2030,9,24,62.0
2030,9,25,62.0
2030,9,26,62.0
2030,9,27,62.0
2030,9,28,62.0
2030,9,29,62.0
2030,9,30,62.0
2030,10,1,62.0
2030,10,2,62.0
2030,10,3,62.0
2030,10,4,62.0
2030,10,5,62.0
2030,10,6,62.0
2030,10,7,62.0
2030,10,8,62.0
2030,10,9,62.0
2030,10,10,62.0
2030,10,11,62.0
2030,10,12,62.0
2030,10,13,62.0
2030,10,14,62.0
2030,10,15,62.0
2030,10,16,62.0
2030,10,17,62.0
2030,10,18,62.0
2030,10,19,62.0
2030,10,20,62.0
2030,10,21,62.0
2030,10,22,62.0
2030,10,23,62.0
2030,10,24,62.0
2030,10,25,62.0
2030,10,26,62.0
2030,10,27,62.0
2030,10,28,62.0
2030,10,29,62.0
2030,10,30,62.0
2030,10,31,62.0
2030,11,1,62.0
2030,11,2,62.0
2030,11,3,62.0
2030,11,4,62.0
2030,11,5,62.0
2030,11,6,62.0
2030,11,7,62.0
2030,11,8,62.0
2030,11,9,62.0
2030,11,10,62.0
2030,11,11,62.0
2030,11,12,62.0
2030,11,13,62.0
2030,11,14,62.0
2030,11,15,62.0
2030,11,16,62.0
2030,11,17,62.0
2030,11,18,62.0
2030,11,19,62.0
2030,11,20,62.0
2030,11,21,62.0
2030,11,22,62.0
2030,11,23,62.0
2030,11,24,62.0
2030,11,25,62.0
2030,11,26,62.0
2030,11,27,62.0
2030,11,28,62.0
2030,11,29,62.0
2030,11,30,62.0
2030,12,1,62.0
2030,12,2,62.0
2030,12,3,62.0
2030,12,4,62.0
2030,12,5,62.0
2030,12,6,62.0
2030,12,7,62.0
2030,12,8,62.0
2030,12,9,62.0
2030,12,10,62.0
2030,12,11,62.0
2030,12,12,62.0
2030,12,13,62.0
2030,12,14,62.0
2030,12,15,62.0
2030,12,16,62.0
2030,12,17,62.0
2030,12,18,62.0
2030,12,19,62.0
2030,12,20,62.0
2030,12,21,62.0
2030,12,22,62.0
2030,12,23,62.0
2030,12,24,62.0
2030,12,25,62.0
2030,12,26,62.0
2030,12,27,62.0
2030,12,28,62.0
2030,12,29,62.0
2030,12,30,62.0
2030,12,31,62.0
