Year,Month,Day,DayOfYear,precios_de_los_productos_mibgas
2019,1,1,1,27.17
2019,1,2,2,24.5
2019,1,3,3,24.76
2019,1,4,4,24.94
2019,1,5,5,25.58
2019,1,6,6,26.05
2019,1,7,7,24.92
2019,1,8,8,24.74
2019,1,9,9,25.31
2019,1,10,10,25.09
2019,1,11,11,24.75
2019,1,12,12,24.89
2019,1,13,13,25.59
2019,1,14,14,25.94
2019,1,15,15,26.98
2019,1,16,16,27.76
2019,1,17,17,26.5
2019,1,18,18,25.62
2019,1,19,19,25.84
2019,1,20,20,27.58
2019,1,21,21,26.06
2019,1,22,22,24.57
2019,1,23,23,24.8
2019,1,24,24,24.99
2019,1,25,25,24.52
2019,1,26,26,23.16
2019,1,27,27,24.32
2019,1,28,28,24.08
2019,1,29,29,23.87
2019,1,30,30,23.45
2019,1,31,31,22.71
2019,2,1,32,20.53
2019,2,2,33,21.86
2019,2,3,34,23.29
2019,2,4,35,23.52
2019,2,5,36,23.09
2019,2,6,37,22.11
2019,2,7,38,21.88
2019,2,8,39,20.93
2019,2,9,40,20.91
2019,2,10,41,21.94
2019,2,11,42,21.16
2019,2,12,43,20.66
2019,2,13,44,20.78
2019,2,14,45,20.74
2019,2,15,46,19.99
2019,2,16,47,19.97
2019,2,17,48,21.08
2019,2,18,49,20.69
2019,2,19,50,20.42
2019,2,20,51,20.61
2019,2,21,52,20.68
2019,2,22,53,20.19
2019,2,23,54,20.31
2019,2,24,55,20.6
2019,2,25,56,20.12
2019,2,26,57,19.85
2019,2,27,58,19.44
2019,2,28,59,18.97
2019,3,1,60,18.26
2019,3,2,61,19.18
2019,3,3,62,19.99
2019,3,4,63,19.44
2019,3,5,64,19.16
2019,3,6,65,19.4
2019,3,7,66,19.8
2019,3,8,67,18.92
2019,3,9,68,19.47
2019,3,10,69,20.43
2019,3,11,70,19.74
2019,3,12,71,18.79
2019,3,13,72,18.73
2019,3,14,73,19.13
2019,3,15,74,17.29
2019,3,16,75,16.23
2019,3,17,76,18.18
2019,3,18,77,17.61
2019,3,19,78,17.11
2019,3,20,79,17.81
2019,3,21,80,17.94
2019,3,22,81,16.71
2019,3,23,82,16.29
2019,3,24,83,17.7
2019,3,25,84,16.89
2019,3,26,85,16.43
2019,3,27,86,16.94
2019,3,28,87,17.04
2019,3,29,88,15.67
2019,3,30,89,15.94
2019,3,31,90,17.73
2019,4,1,91,17.62
2019,4,2,92,17.71
2019,4,3,93,17.89
2019,4,4,94,17.63
2019,4,5,95,16.58
2019,4,6,96,17.04
2019,4,7,97,18.69
2019,4,8,98,17.64
2019,4,9,99,18.33
2019,4,10,100,18.31
2019,4,11,101,18.91
2019,4,12,102,18.13
2019,4,13,103,18.36
2019,4,14,104,18.0
2019,4,15,105,15.5
2019,4,16,106,13.62
2019,4,17,107,13.73
2019,4,18,108,14.31
2019,4,19,109,15.02
2019,4,20,110,14.35
2019,4,21,111,15.35
2019,4,22,112,14.8
2019,4,23,113,15.04
2019,4,24,114,16.01
2019,4,25,115,16.93
2019,4,26,116,17.0
2019,4,27,117,17.12
2019,4,28,118,17.69
2019,4,29,119,18.06
2019,4,30,120,15.34
2019,5,1,121,14.31
2019,5,2,122,13.84
2019,5,3,123,13.7
2019,5,4,124,13.83
2019,5,5,125,15.39
2019,5,6,126,15.61
2019,5,7,127,14.81
2019,5,8,128,14.9
2019,5,9,129,14.81
2019,5,10,130,14.56
2019,5,11,131,14.35
2019,5,12,132,15.14
2019,5,13,133,15.06
2019,5,14,134,14.98
2019,5,15,135,14.78
2019,5,16,136,14.22
2019,5,17,137,13.8
2019,5,18,138,14.29
2019,5,19,139,15.34
2019,5,20,140,15.37
2019,5,21,141,15.37
2019,5,22,142,15.71
2019,5,23,143,15.21
2019,5,24,144,13.39
2019,5,25,145,13.76
2019,5,26,146,14.42
2019,5,27,147,14.17
2019,5,28,148,14.12
2019,5,29,149,14.06
2019,5,30,150,14.36
2019,5,31,151,14.11
2019,6,1,152,13.94
2019,6,2,153,14.85
2019,6,3,154,14.83
2019,6,4,155,13.67
2019,6,5,156,13.28
2019,6,6,157,12.86
2019,6,7,158,12.67
2019,6,8,159,13.17
2019,6,9,160,14.73
2019,6,10,161,13.79
2019,6,11,162,13.79
2019,6,12,163,13.65
2019,6,13,164,13.42
2019,6,14,165,13.04
2019,6,15,166,13.32
2019,6,16,167,13.93
2019,6,17,168,13.39
2019,6,18,169,13.23
2019,6,19,170,13.14
2019,6,20,171,13.08
2019,6,21,172,12.19
2019,6,22,173,12.48
2019,6,23,174,13.45
2019,6,24,175,13.45
2019,6,25,176,13.33
2019,6,26,177,12.84
2019,6,27,178,13.28
2019,6,28,179,12.4
2019,6,29,180,12.36
2019,6,30,181,13.16
2019,7,1,182,14.48
2019,7,2,183,14.9
2019,7,3,184,14.92
2019,7,4,185,14.95
2019,7,5,186,13.86
2019,7,6,187,14.01
2019,7,7,188,15.23
2019,7,8,189,14.28
2019,7,9,190,14.16
2019,7,10,191,14.39
2019,7,11,192,14.58
2019,7,12,193,14.4
2019,7,13,194,14.29
2019,7,14,195,15.47
2019,7,15,196,15.53
2019,7,16,197,15.67
2019,7,17,198,14.74
2019,7,18,199,14.2
2019,7,19,200,13.35
2019,7,20,201,13.24
2019,7,21,202,15.4
2019,7,22,203,14.97
2019,7,23,204,13.8
2019,7,24,205,13.61
2019,7,25,206,13.31
2019,7,26,207,11.34
2019,7,27,208,11.4
2019,7,28,209,12.235
2019,7,29,210,13.07
2019,7,30,211,11.79
2019,7,31,212,11.87
2019,8,1,213,12.47
2019,8,2,214,12.91
2019,8,3,215,13.23
2019,8,4,216,14.2
2019,8,5,217,13.68
2019,8,6,218,13.05
2019,8,7,219,13.19
2019,8,8,220,12.61
2019,8,9,221,12.33
2019,8,10,222,12.19
2019,8,11,223,11.8
2019,8,12,224,11.69
2019,8,13,225,11.67
2019,8,14,226,11.37
2019,8,15,227,11.41
2019,8,16,228,11.22
2019,8,17,229,11.08
2019,8,18,230,11.67
2019,8,19,231,10.92
2019,8,20,232,10.89
2019,8,21,233,10.89
2019,8,22,234,11.11
2019,8,23,235,10.92
2019,8,24,236,10.72
2019,8,25,237,11.5
2019,8,26,238,12.64
2019,8,27,239,13.35
2019,8,28,240,13.08
2019,8,29,241,12.91
2019,8,30,242,11.58
2019,8,31,243,10.71
2019,9,1,244,11.1
2019,9,2,245,11.04
2019,9,3,246,10.67
2019,9,4,247,10.14
2019,9,5,248,8.56
2019,9,6,249,8.28
2019,9,7,250,9.1
2019,9,8,251,10.76
2019,9,9,252,10.69
2019,9,10,253,9.81
2019,9,11,254,10.24
2019,9,12,255,10.65
2019,9,13,256,10.95
2019,9,14,257,11.03
2019,9,15,258,13.47
2019,9,16,259,14.3
2019,9,17,260,14.43
2019,9,18,261,14.27
2019,9,19,262,13.8
2019,9,20,263,11.2
2019,9,21,264,11.79
2019,9,22,265,12.8
2019,9,23,266,13.02
2019,9,24,267,13.37
2019,9,25,268,13.63
2019,9,26,269,13.81
2019,9,27,270,13.92
2019,9,28,271,13.73
2019,9,29,272,14.04
2019,9,30,273,13.05
2019,10,1,274,10.96
2019,10,2,275,12.49
2019,10,3,276,13.39
2019,10,4,277,13.93
2019,10,5,278,13.5
2019,10,6,279,14.58
2019,10,7,280,14.58
2019,10,8,281,13.9
2019,10,9,282,12.7
2019,10,10,283,11.66
2019,10,11,284,11.54
2019,10,12,285,12.09
2019,10,13,286,12.45
2019,10,14,287,12.28
2019,10,15,288,13.26
2019,10,16,289,13.67
2019,10,17,290,12.89
2019,10,18,291,12.31
2019,10,19,292,13.41
2019,10,20,293,13.61
2019,10,21,294,13.86
2019,10,22,295,13.87
2019,10,23,296,13.87
2019,10,24,297,13.38
2019,10,25,298,12.91
2019,10,26,299,12.65
2019,10,27,300,13.69
2019,10,28,301,13.94
2019,10,29,302,13.81
2019,10,30,303,12.57
2019,10,31,304,9.03
2019,11,1,305,8.36
2019,11,2,306,7.89
2019,11,3,307,8.39
2019,11,4,308,9.05
2019,11,5,309,10.97
2019,11,6,310,12.94
2019,11,7,311,11.94
2019,11,8,312,13.11
2019,11,9,313,13.56
2019,11,10,314,14.71
2019,11,11,315,15.0
2019,11,12,316,14.27
2019,11,13,317,14.38
2019,11,14,318,14.46
2019,11,15,319,14.33
2019,11,16,320,14.77
2019,11,17,321,15.36
2019,11,18,322,15.67
2019,11,19,323,16.02
2019,11,20,324,16.01
2019,11,21,325,14.52
2019,11,22,326,13.64
2019,11,23,327,14.31
2019,11,24,328,15.17
2019,11,25,329,15.55
2019,11,26,330,15.06
2019,11,27,331,14.72
2019,11,28,332,14.88
2019,11,29,333,14.0
2019,11,30,334,14.8
2019,12,1,335,15.19
2019,12,2,336,15.16
2019,12,3,337,15.21
2019,12,4,338,14.51
2019,12,5,339,13.98
2019,12,6,340,14.15
2019,12,7,341,13.32
2019,12,8,342,13.44
2019,12,9,343,13.68
2019,12,10,344,13.49
2019,12,11,345,12.95
2019,12,12,346,12.59
2019,12,13,347,11.85
2019,12,14,348,11.59
2019,12,15,349,12.58
2019,12,16,350,12.61
2019,12,17,351,12.38
2019,12,18,352,11.08
2019,12,19,353,10.31
2019,12,20,354,9.79
2019,12,21,355,10.27
2019,12,22,356,9.97
2019,12,23,357,9.5
2019,12,24,358,9.0
2019,12,25,359,8.51
2019,12,26,360,8.95
2019,12,27,361,9.36
2019,12,28,362,11.2
2019,12,29,363,12.67
2019,12,30,364,11.85
2019,12,31,365,11.37
2020,1,1,1,11.89
2020,1,2,2,11.69
2020,1,3,3,11.11
2020,1,4,4,12.52
2020,1,5,5,12.93
2020,1,6,6,12.89
2020,1,7,7,12.83
2020,1,8,8,13.75
2020,1,9,9,12.53
2020,1,10,10,11.67
2020,1,11,11,11.77
2020,1,12,12,12.54
2020,1,13,13,12.38
2020,1,14,14,11.6
2020,1,15,15,11.4
2020,1,16,16,11.37
2020,1,17,17,11.12
2020,1,18,18,11.09
2020,1,19,19,11.89
2020,1,20,20,11.32
2020,1,21,21,11.96
2020,1,22,22,13.6
2020,1,23,23,14.0
2020,1,24,24,11.91
2020,1,25,25,10.94
2020,1,26,26,11.48
2020,1,27,27,11.23
2020,1,28,28,11.0
2020,1,29,29,10.77
2020,1,30,30,10.28
2020,1,31,31,9.46
2020,2,1,32,9.75
2020,2,2,33,10.76
2020,2,3,34,10.11
2020,2,4,35,9.8
2020,2,5,36,10.33
2020,2,6,37,10.33
2020,2,7,38,9.81
2020,2,8,39,9.79
2020,2,9,40,10.04
2020,2,10,41,9.81
2020,2,11,42,9.9
2020,2,12,43,9.71
2020,2,13,44,9.99
2020,2,14,45,9.47
2020,2,15,46,9.16
2020,2,16,47,9.81
2020,2,17,48,9.72
2020,2,18,49,10.24
2020,2,19,50,11.0
2020,2,20,51,10.74
2020,2,21,52,10.02
2020,2,22,53,10.2
2020,2,23,54,10.87
2020,2,24,55,9.39
2020,2,25,56,9.2
2020,2,26,57,9.05
2020,2,27,58,9.08
2020,2,28,59,8.73
2020,2,29,60,9.2
2020,3,1,61,8.92
2020,3,2,62,8.55
2020,3,3,63,8.94
2020,3,4,64,8.98
2020,3,5,65,8.87
2020,3,6,66,8.65
2020,3,7,67,8.97
2020,3,8,68,9.45
2020,3,9,69,9.2
2020,3,10,70,9.33
2020,3,11,71,9.19
2020,3,12,72,9.19
2020,3,13,73,8.95
2020,3,14,74,9.46
2020,3,15,75,10.28
2020,3,16,76,9.83
2020,3,17,77,9.41
2020,3,18,78,8.86
2020,3,19,79,8.37
2020,3,20,80,7.93
2020,3,21,81,8.3
2020,3,22,82,8.55
2020,3,23,83,8.43
2020,3,24,84,8.61
2020,3,25,85,7.85
2020,3,26,86,7.34
2020,3,27,87,7.32
2020,3,28,88,7.26
2020,3,29,89,7.23
2020,3,30,90,7.01
2020,3,31,91,7.31
2020,4,1,92,7.8
2020,4,2,93,9.08
2020,4,3,94,7.46
2020,4,4,95,7.38
2020,4,5,96,8.67
2020,4,6,97,7.91
2020,4,7,98,8.02
2020,4,8,99,8.03
2020,4,9,100,8.23
2020,4,10,101,8.14
2020,4,11,102,8.55
2020,4,12,103,8.73
2020,4,13,104,8.78
2020,4,14,105,8.1
2020,4,15,106,7.85
2020,4,16,107,7.44
2020,4,17,108,7.08
2020,4,18,109,7.01
2020,4,19,110,7.22
2020,4,20,111,6.97
2020,4,21,112,6.9
2020,4,22,113,6.8
2020,4,23,114,6.53
2020,4,24,115,5.77
2020,4,25,116,5.94
2020,4,26,117,6.29
2020,4,27,118,6.31
2020,4,28,119,6.38
2020,4,29,120,6.33
2020,4,30,121,5.8
2020,5,1,122,5.77
2020,5,2,123,6.15
2020,5,3,124,6.25
2020,5,4,125,5.99
2020,5,5,126,5.98
2020,5,6,127,5.63
2020,5,7,128,5.51
2020,5,8,129,5.38
2020,5,9,130,5.72
2020,5,10,131,6.03
2020,5,11,132,5.91
2020,5,12,133,5.73
2020,5,13,134,5.69
2020,5,14,135,5.47
2020,5,15,136,5.27
2020,5,16,137,5.18
2020,5,17,138,5.25
2020,5,18,139,5.64
2020,5,19,140,5.21
2020,5,20,141,5.2
2020,5,21,142,4.75
2020,5,22,143,4.14
2020,5,23,144,4.19
2020,5,24,145,4.6
2020,5,25,146,4.96
2020,5,26,147,5.02
2020,5,27,148,4.71
2020,5,28,149,5.05
2020,5,29,150,5.28
2020,5,30,151,5.48
2020,5,31,152,5.83
2020,6,1,153,6.17
2020,6,2,154,6.02
2020,6,3,155,6.15
2020,6,4,156,5.45
2020,6,5,157,5.5
2020,6,6,158,5.5
2020,6,7,159,5.92
2020,6,8,160,6.38
2020,6,9,161,5.94
2020,6,10,162,5.3
2020,6,11,163,5.08
2020,6,12,164,5.22
2020,6,13,165,5.63
2020,6,14,166,6.16
2020,6,15,167,6.94
2020,6,16,168,7.43
2020,6,17,169,7.81
2020,6,18,170,8.03
2020,6,19,171,6.85
2020,6,20,172,6.11
2020,6,21,173,6.9
2020,6,22,174,6.97
2020,6,23,175,7.07
2020,6,24,176,7.42
2020,6,25,177,7.15
2020,6,26,178,6.64
2020,6,27,179,6.71
2020,6,28,180,7.64
2020,6,29,181,7.33
2020,6,30,182,7.35
2020,7,1,183,7.26
2020,7,2,184,6.61
2020,7,3,185,6.17
2020,7,4,186,5.42
2020,7,5,187,6.14
2020,7,6,188,6.37
2020,7,7,189,6.76
2020,7,8,190,7.67
2020,7,9,191,7.34
2020,7,10,192,5.66
2020,7,11,193,5.56
2020,7,12,194,6.39
2020,7,13,195,5.69
2020,7,14,196,5.18
2020,7,15,197,5.19
2020,7,16,198,5.55
2020,7,17,199,5.4
2020,7,18,200,5.94
2020,7,19,201,6.23
2020,7,20,202,6.02
2020,7,21,203,7.37
2020,7,22,204,7.3
2020,7,23,205,7.3
2020,7,24,206,6.45
2020,7,25,207,6.24
2020,7,26,208,7.3
2020,7,27,209,6.91
2020,7,28,210,6.77
2020,7,29,211,6.89
2020,7,30,212,7.21
2020,7,31,213,7.39
2020,8,1,214,6.88
2020,8,2,215,7.91
2020,8,3,216,8.31
2020,8,4,217,8.88
2020,8,5,218,9.52
2020,8,6,219,9.63
2020,8,7,220,9.09
2020,8,8,221,8.79
2020,8,9,222,9.82
2020,8,10,223,9.73
2020,8,11,224,9.51
2020,8,12,225,9.21
2020,8,13,226,9.0
2020,8,14,227,8.11
2020,8,15,228,8.35
2020,8,16,229,8.67
2020,8,17,230,10.05
2020,8,18,231,8.99
2020,8,19,232,8.85
2020,8,20,233,8.67
2020,8,21,234,7.88
2020,8,22,235,7.01
2020,8,23,236,9.6
2020,8,24,237,10.14
2020,8,25,238,10.85
2020,8,26,239,12.06
2020,8,27,240,11.66
2020,8,28,241,9.55
2020,8,29,242,9.89
2020,8,30,243,12.5
2020,8,31,244,11.97
2020,9,1,245,11.87
2020,9,2,246,11.74
2020,9,3,247,11.26
2020,9,4,248,10.65
2020,9,5,249,12.72
2020,9,6,250,12.54
2020,9,7,251,11.73
2020,9,8,252,11.52
2020,9,9,253,11.42
2020,9,10,254,11.38
2020,9,11,255,9.69
2020,9,12,256,9.53
2020,9,13,257,10.99
2020,9,14,258,12.56
2020,9,15,259,11.75
2020,9,16,260,12.0
2020,9,17,261,11.99
2020,9,18,262,10.63
2020,9,19,263,10.96
2020,9,20,264,11.98
2020,9,21,265,12.05
2020,9,22,266,11.78
2020,9,23,267,11.04
2020,9,24,268,10.74
2020,9,25,269,10.35
2020,9,26,270,10.18
2020,9,27,271,11.24
2020,9,28,272,11.83
2020,9,29,273,12.81
2020,9,30,274,11.7
2020,10,1,275,10.81
2020,10,2,276,11.28
2020,10,3,277,11.77
2020,10,4,278,11.61
2020,10,5,279,12.32
2020,10,6,280,12.4
2020,10,7,281,13.09
2020,10,8,282,13.22
2020,10,9,283,12.51
2020,10,10,284,12.42
2020,10,11,285,12.33
2020,10,12,286,12.75
2020,10,13,287,12.88
2020,10,14,288,13.13
2020,10,15,289,13.9
2020,10,16,290,14.1
2020,10,17,291,14.57
2020,10,18,292,14.32
2020,10,19,293,14.3
2020,10,20,294,14.44
2020,10,21,295,14.83
2020,10,22,296,14.96
2020,10,23,297,15.07
2020,10,24,298,14.53
2020,10,25,299,14.69
2020,10,26,300,14.69
2020,10,27,301,14.7
2020,10,28,302,14.44
2020,10,29,303,13.88
2020,10,30,304,13.41
2020,10,31,305,12.56
2020,11,1,306,13.36
2020,11,2,307,13.1
2020,11,3,308,13.35
2020,11,4,309,13.42
2020,11,5,310,13.88
2020,11,6,311,13.47
2020,11,7,312,13.58
2020,11,8,313,13.89
2020,11,9,314,13.99
2020,11,10,315,14.17
2020,11,11,316,14.09
2020,11,12,317,14.15
2020,11,13,318,13.92
2020,11,14,319,13.76
2020,11,15,320,14.27
2020,11,16,321,14.73
2020,11,17,322,14.71
2020,11,18,323,14.34
2020,11,19,324,14.0
2020,11,20,325,12.8
2020,11,21,326,12.86
2020,11,22,327,14.12
2020,11,23,328,15.03
2020,11,24,329,16.14
2020,11,25,330,15.76
2020,11,26,331,15.35
2020,11,27,332,15.74
2020,11,28,333,15.47
2020,11,29,334,16.82
2020,11,30,335,17.01
2020,12,1,336,17.49
2020,12,2,337,16.7
2020,12,3,338,16.71
2020,12,4,339,15.95
2020,12,5,340,16.17
2020,12,6,341,16.37
2020,12,7,342,16.24
2020,12,8,343,16.68
2020,12,9,344,18.1
2020,12,10,345,17.24
2020,12,11,346,16.49
2020,12,12,347,17.14
2020,12,13,348,17.74
2020,12,14,349,18.44
2020,12,15,350,19.02
2020,12,16,351,19.81
2020,12,17,352,18.84
2020,12,18,353,17.95
2020,12,19,354,17.78
2020,12,20,355,18.58
2020,12,21,356,18.29
2020,12,22,357,18.81
2020,12,23,358,18.66
2020,12,24,359,18.61
2020,12,25,360,18.0
2020,12,26,361,17.9
2020,12,27,362,19.22
2020,12,28,363,20.08
2020,12,29,364,21.57
2020,12,30,365,22.41
2020,12,31,366,21.32
2021,1,1,1,20.58
2021,1,2,2,21.56
2021,1,3,3,23.56
2021,1,4,4,26.69
2021,1,5,5,31.67
2021,1,6,6,38.95
2021,1,7,7,51.13
2021,1,8,8,58.66
2021,1,9,9,44.65
2021,1,10,10,34.77
2021,1,11,11,30.47
2021,1,12,12,32.79
2021,1,13,13,30.04
2021,1,14,14,29.18
2021,1,15,15,28.2
2021,1,16,16,26.4
2021,1,17,17,27.11
2021,1,18,18,27.43
2021,1,19,19,26.98
2021,1,20,20,24.58
2021,1,21,21,23.08
2021,1,22,22,22.65
2021,1,23,23,24.61
2021,1,24,24,24.49
2021,1,25,25,23.34
2021,1,26,26,22.09
2021,1,27,27,19.71
2021,1,28,28,20.51
2021,1,29,29,20.79
2021,1,30,30,19.66
2021,1,31,31,19.91
2021,2,1,32,18.11
2021,2,2,33,17.78
2021,2,3,34,17.47
2021,2,4,35,17.85
2021,2,5,36,17.8
2021,2,6,37,17.75
2021,2,7,38,18.0
2021,2,8,39,18.93
2021,2,9,40,18.19
2021,2,10,41,18.31
2021,2,11,42,17.72
2021,2,12,43,16.93
2021,2,13,44,16.67
2021,2,14,45,17.32
2021,2,15,46,16.1
2021,2,16,47,16.13
2021,2,17,48,16.43
2021,2,18,49,16.05
2021,2,19,50,15.81
2021,2,20,51,15.94
2021,2,21,52,16.28
2021,2,22,53,15.75
2021,2,23,54,15.77
2021,2,24,55,15.75
2021,2,25,56,15.83
2021,2,26,57,15.34
2021,2,27,58,15.23
2021,2,28,59,16.42
2021,3,1,60,16.44
2021,3,2,61,16.24
2021,3,3,62,16.1
2021,3,4,63,16.13
2021,3,5,64,15.91
2021,3,6,65,16.46
2021,3,7,66,17.22
2021,3,8,67,16.62
2021,3,9,68,17.07
2021,3,10,69,17.87
2021,3,11,70,17.78
2021,3,12,71,17.47
2021,3,13,72,17.96
2021,3,14,73,18.95
2021,3,15,74,18.45
2021,3,16,75,17.42
2021,3,17,76,17.26
2021,3,18,77,17.81
2021,3,19,78,17.51
2021,3,20,79,16.58
2021,3,21,80,17.72
2021,3,22,81,18.22
2021,3,23,82,18.58
2021,3,24,83,18.56
2021,3,25,84,18.49
2021,3,26,85,17.93
2021,3,27,86,17.78
2021,3,28,87,18.42
2021,3,29,88,17.93
2021,3,30,89,18.06
2021,3,31,90,18.59
2021,4,1,91,18.74
2021,4,2,92,19.22
2021,4,3,93,19.04
2021,4,4,94,19.25
2021,4,5,95,19.46
2021,4,6,96,19.95
2021,4,7,97,20.49
2021,4,8,98,20.13
2021,4,9,99,19.48
2021,4,10,100,19.54
2021,4,11,101,20.47
2021,4,12,102,21.06
2021,4,13,103,21.08
2021,4,14,104,20.9
2021,4,15,105,21.23
2021,4,16,106,21.21
2021,4,17,107,21.52
2021,4,18,108,22.7
2021,4,19,109,22.96
2021,4,20,110,22.2
2021,4,21,111,22.53
2021,4,22,112,21.98
2021,4,23,113,21.4
2021,4,24,114,20.39
2021,4,25,115,22.15
2021,4,26,116,22.03
2021,4,27,117,22.44
2021,4,28,118,23.12
2021,4,29,119,22.97
2021,4,30,120,22.91
2021,5,1,121,22.95
2021,5,2,122,25.32
2021,5,3,123,26.78
2021,5,4,124,25.55
2021,5,5,125,24.09
2021,5,6,126,24.96
2021,5,7,127,23.76
2021,5,8,128,24.24
2021,5,9,129,24.34
2021,5,10,130,24.47
2021,5,11,131,24.94
2021,5,12,132,25.46
2021,5,13,133,24.63
2021,5,14,134,25.02
2021,5,15,135,25.48
2021,5,16,136,26.5
2021,5,17,137,25.56
2021,5,18,138,25.12
2021,5,19,139,23.44
2021,5,20,140,23.47
2021,5,21,141,24.44
2021,5,22,142,25.13
2021,5,23,143,25.11
2021,5,24,144,23.93
2021,5,25,145,25.35
2021,5,26,146,26.56
2021,5,27,147,26.06
2021,5,28,148,25.08
2021,5,29,149,24.46
2021,5,30,150,26.74
2021,5,31,151,26.3
2021,6,1,152,26.25
2021,6,2,153,25.88
2021,6,3,154,25.42
2021,6,4,155,24.89
2021,6,5,156,26.06
2021,6,6,157,26.46
2021,6,7,158,26.31
2021,6,8,159,27.43
2021,6,9,160,28.05
2021,6,10,161,28.28
2021,6,11,162,27.54
2021,6,12,163,27.07
2021,6,13,164,29.18
2021,6,14,165,29.28
2021,6,15,166,29.18
2021,6,16,167,28.85
2021,6,17,168,29.27
2021,6,18,169,28.77
2021,6,19,170,28.03
2021,6,20,171,29.81
2021,6,21,172,29.84
2021,6,22,173,29.99
2021,6,23,174,31.25
2021,6,24,175,31.07
2021,6,25,176,30.92
2021,6,26,177,31.77
2021,6,27,178,31.91
2021,6,28,179,32.05
2021,6,29,180,33.38
2021,6,30,181,34.74
2021,7,1,182,37.73
2021,7,2,183,36.46
2021,7,3,184,34.68
2021,7,4,185,37.9
2021,7,5,186,37.24
2021,7,6,187,36.99
2021,7,7,188,35.89
2021,7,8,189,33.59
2021,7,9,190,35.27
2021,7,10,191,36.89
2021,7,11,192,37.23
2021,7,12,193,35.72
2021,7,13,194,35.03
2021,7,14,195,34.55
2021,7,15,196,34.13
2021,7,16,197,34.28
2021,7,17,198,35.67
2021,7,18,199,36.35
2021,7,19,200,37.39
2021,7,20,201,37.19
2021,7,21,202,37.36
2021,7,22,203,37.21
2021,7,23,204,35.88
2021,7,24,205,35.4
2021,7,25,206,38.31
2021,7,26,207,37.46
2021,7,27,208,38.08
2021,7,28,209,38.89
2021,7,29,210,40.18
2021,7,30,211,39.22
2021,7,31,212,39.22
2021,8,1,213,40.93
2021,8,2,214,42.31
2021,8,3,215,41.91
2021,8,4,216,41.87
2021,8,5,217,41.48
2021,8,6,218,42.82
2021,8,7,219,43.56
2021,8,8,220,43.84
2021,8,9,221,42.88
2021,8,10,222,44.53
2021,8,11,223,45.46
2021,8,12,224,46.3
2021,8,13,225,45.36
2021,8,14,226,47.61
2021,8,15,227,45.75
2021,8,16,228,47.23
2021,8,17,229,47.5
2021,8,18,230,46.87
2021,8,19,231,42.79
2021,8,20,232,42.31
2021,8,21,233,41.6
2021,8,22,234,42.06
2021,8,23,235,42.3
2021,8,24,236,44.2
2021,8,25,237,46.94
2021,8,26,238,47.03
2021,8,27,239,46.06
2021,8,28,240,46.42
2021,8,29,241,49.35
2021,8,30,242,51.5
2021,8,31,243,51.78
2021,9,1,244,53.96
2021,9,2,245,53.49
2021,9,3,246,52.38
2021,9,4,247,51.54
2021,9,5,248,53.0
2021,9,6,249,53.93
2021,9,7,250,53.98
2021,9,8,251,56.37
2021,9,9,252,59.17
2021,9,10,253,58.5
2021,9,11,254,59.78
2021,9,12,255,61.68
2021,9,13,256,63.6
2021,9,14,257,69.32
2021,9,15,258,75.62
2021,9,16,259,67.42
2021,9,17,260,66.63
2021,9,18,261,65.22
2021,9,19,262,66.6
2021,9,20,263,70.36
2021,9,21,264,73.49
2021,9,22,265,71.54
2021,9,23,266,69.71
2021,9,24,267,68.82
2021,9,25,268,70.48
2021,9,26,269,72.31
2021,9,27,270,75.57
2021,9,28,271,83.23
2021,9,29,272,82.68
2021,9,30,273,93.43
2021,10,1,274,91.92
2021,10,2,275,88.89
2021,10,3,276,82.34
2021,10,4,277,91.32
2021,10,5,278,109.98
2021,10,6,279,117.79
2021,10,7,280,100.86
2021,10,8,281,96.41
2021,10,9,282,95.07
2021,10,10,283,90.42
2021,10,11,284,84.61
2021,10,12,285,85.48
2021,10,13,286,90.69
2021,10,14,287,97.88
2021,10,15,288,93.7
2021,10,16,289,89.92
2021,10,17,290,93.9
2021,10,18,291,92.53
2021,10,19,292,88.04
2021,10,20,293,89.76
2021,10,21,294,88.38
2021,10,22,295,87.74
2021,10,23,296,90.39
2021,10,24,297,94.12
2021,10,25,298,92.86
2021,10,26,299,91.32
2021,10,27,300,86.07
2021,10,28,301,76.49
2021,10,29,302,67.82
2021,10,30,303,60.4
2021,10,31,304,59.66
2021,11,1,305,63.95
2021,11,2,306,66.21
2021,11,3,307,74.63
2021,11,4,308,73.77
2021,11,5,309,72.47
2021,11,6,310,71.24
2021,11,7,311,73.24
2021,11,8,312,76.93
2021,11,9,313,76.59
2021,11,10,314,68.04
2021,11,11,315,74.43
2021,11,12,316,76.72
2021,11,13,317,77.79
2021,11,14,318,79.01
2021,11,15,319,80.8
2021,11,16,320,89.08
2021,11,17,321,99.87
2021,11,18,322,94.81
2021,11,19,323,92.51
2021,11,20,324,95.55
2021,11,21,325,92.75
2021,11,22,326,87.43
2021,11,23,327,92.44
2021,11,24,328,95.18
2021,11,25,329,96.05
2021,11,26,330,93.36
2021,11,27,331,93.39
2021,11,28,332,95.47
2021,11,29,333,99.54
2021,11,30,334,99.31
2021,12,1,335,96.94
2021,12,2,336,95.3
2021,12,3,337,94.37
2021,12,4,338,90.81
2021,12,5,339,90.91
2021,12,6,340,90.26
2021,12,7,341,95.56
2021,12,8,342,101.91
2021,12,9,343,100.61
2021,12,10,344,103.85
2021,12,11,345,111.16
2021,12,12,346,111.96
2021,12,13,347,117.2
2021,12,14,348,121.85
2021,12,15,349,127.85
2021,12,16,350,133.9
2021,12,17,351,135.45
2021,12,18,352,140.43
2021,12,19,353,156.62
2021,12,20,354,144.38
2021,12,21,355,168.29
2021,12,22,356,173.07
2021,12,23,357,139.13
2021,12,24,358,101.37
2021,12,25,359,80.07
2021,12,26,360,80.35
2021,12,27,361,91.46
2021,12,28,362,92.78
2021,12,29,363,94.31
2021,12,30,364,83.36
2021,12,31,365,67.93
2022,1,1,1,53.17
2022,1,2,2,57.72
2022,1,3,3,73.58
2022,1,4,4,88.17
2022,1,5,5,90.2
2022,1,6,6,93.3
2022,1,7,7,90.75
2022,1,8,8,85.8
2022,1,9,9,88.1
2022,1,10,10,86.36
2022,1,11,11,80.89
2022,1,12,12,77.97
2022,1,13,13,74.24
2022,1,14,14,88.32
2022,1,15,15,87.73
2022,1,16,16,93.34
2022,1,17,17,80.56
2022,1,18,18,77.46
2022,1,19,19,73.09
2022,1,20,20,71.88
2022,1,21,21,77.69
2022,1,22,22,81.69
2022,1,23,23,86.0
2022,1,24,24,86.87
2022,1,25,25,90.64
2022,1,26,26,90.05
2022,1,27,27,90.7
2022,1,28,28,92.0
2022,1,29,29,92.61
2022,1,30,30,94.13
2022,1,31,31,85.05
2022,2,1,32,76.28
2022,2,2,33,77.72
2022,2,3,34,78.04
2022,2,4,35,80.58
2022,2,5,36,80.81
2022,2,6,37,82.25
2022,2,7,38,77.83
2022,2,8,39,80.89
2022,2,9,40,76.4
2022,2,10,41,74.85
2022,2,11,42,75.02
2022,2,12,43,77.79
2022,2,13,44,79.34
2022,2,14,45,80.77
2022,2,15,46,73.98
2022,2,16,47,68.28
2022,2,17,48,72.06
2022,2,18,49,70.45
2022,2,19,50,74.75
2022,2,20,51,78.37
2022,2,21,52,72.12
2022,2,22,53,78.44
2022,2,23,54,85.42
2022,2,24,55,121.74
2022,2,25,56,100.85
2022,2,26,57,108.31
2022,2,27,58,110.0
2022,2,28,59,105.7
2022,3,1,60,110.77
2022,3,2,61,160.0
2022,3,3,62,164.59
2022,3,4,63,179.87
2022,3,5,64,195.74
2022,3,6,65,198.56
2022,3,7,66,241.36
2022,3,8,67,206.1
2022,3,9,68,154.47
2022,3,10,69,127.38
2022,3,11,70,116.77
2022,3,12,71,114.96
2022,3,13,72,121.75
2022,3,14,73,108.2
2022,3,15,74,111.03
2022,3,16,75,101.73
2022,3,17,76,102.44
2022,3,18,77,101.95
2022,3,19,78,91.46
2022,3,20,79,98.0
2022,3,21,80,95.48
2022,3,22,81,93.69
2022,3,23,82,104.04
2022,3,24,83,112.29
2022,3,25,84,100.96
2022,3,26,85,92.25
2022,3,27,86,94.78
2022,3,28,87,99.83
2022,3,29,88,106.29
2022,3,30,89,113.38
2022,3,31,90,115.83
2022,4,1,91,117.99
2022,4,2,92,116.15
2022,4,3,93,116.14
2022,4,4,94,107.41
2022,4,5,95,104.97
2022,4,6,96,103.56
2022,4,7,97,98.25
2022,4,8,98,97.63
2022,4,9,99,100.66
2022,4,10,100,102.4
2022,4,11,101,94.59
2022,4,12,102,94.26
2022,4,13,103,93.16
2022,4,14,104,84.44
2022,4,15,105,71.97
2022,4,16,106,72.58
2022,4,17,107,66.21
2022,4,18,108,63.34
2022,4,19,109,71.82
2022,4,20,110,81.7
2022,4,21,111,84.68
2022,4,22,112,80.72
2022,4,23,113,77.19
2022,4,24,114,87.74
2022,4,25,115,85.48
2022,4,26,116,80.03
2022,4,27,117,90.02
2022,4,28,118,81.69
2022,4,29,119,75.95
2022,4,30,120,80.64
2022,5,1,121,83.65
2022,5,2,122,81.24
2022,5,3,123,81.84
2022,5,4,124,84.14
2022,5,5,125,84.3
2022,5,6,126,81.53
2022,5,7,127,81.53
2022,5,8,128,84.12
2022,5,9,129,78.12
2022,5,10,130,69.89
2022,5,11,131,69.78
2022,5,12,132,81.53
2022,5,13,133,75.23
2022,5,14,134,76.81
2022,5,15,135,77.01
2022,5,16,136,74.04
2022,5,17,137,72.56
2022,5,18,138,76.16
2022,5,19,139,75.81
2022,5,20,140,74.41
2022,5,21,141,74.46
2022,5,22,142,79.97
2022,5,23,143,72.77
2022,5,24,144,75.62
2022,5,25,145,75.77
2022,5,26,146,75.73
2022,5,27,147,72.68
2022,5,28,148,74.98
2022,5,29,149,80.16
2022,5,30,150,79.77
2022,5,31,151,82.48
2022,6,1,152,78.64
2022,6,2,153,78.4
2022,6,3,154,75.15
2022,6,4,155,78.36
2022,6,5,156,77.56
2022,6,6,157,74.26
2022,6,7,158,71.74
2022,6,8,159,71.94
2022,6,9,160,79.23
2022,6,10,161,79.34
2022,6,11,162,77.18
2022,6,12,163,79.4
2022,6,13,164,79.52
2022,6,14,165,85.65
2022,6,15,166,100.72
2022,6,16,167,122.22
2022,6,17,168,110.92
2022,6,18,169,107.04
2022,6,19,170,114.42
2022,6,20,171,116.38
2022,6,21,172,116.51
2022,6,22,173,118.1
2022,6,23,174,121.37
2022,6,24,175,117.45
2022,6,25,176,117.88
2022,6,26,177,124.37
2022,6,27,178,120.47
2022,6,28,179,115.35
2022,6,29,180,117.6
2022,6,30,181,124.59
2022,7,1,182,125.58
2022,7,2,183,125.18
2022,7,3,184,136.15
2022,7,4,185,135.36
2022,7,5,186,144.37
2022,7,6,187,140.04
2022,7,7,188,154.07
2022,7,8,189,148.21
2022,7,9,190,142.31
2022,7,10,191,145.19
2022,7,11,192,141.21
2022,7,12,193,141.69
2022,7,13,194,145.61
2022,7,14,195,136.44
2022,7,15,196,114.77
2022,7,16,197,95.11
2022,7,17,198,100.11
2022,7,18,199,107.14
2022,7,19,200,112.28
2022,7,20,201,115.57
2022,7,21,202,120.84
2022,7,22,203,125.61
2022,7,23,204,124.74
2022,7,24,205,130.96
2022,7,25,206,128.08
2022,7,26,207,135.21
2022,7,27,208,142.96
2022,7,28,209,137.12
2022,7,29,210,117.21
2022,7,30,211,108.25
2022,7,31,212,122.18
2022,8,1,213,124.28
2022,8,2,214,129.25
2022,8,3,215,130.34
2022,8,4,216,132.22
2022,8,5,217,128.52
2022,8,6,218,119.84
2022,8,7,219,126.81
2022,8,8,220,128.93
2022,8,9,221,125.81
2022,8,10,222,137.3
2022,8,11,223,146.91
2022,8,12,224,146.11
2022,8,13,225,147.87
2022,8,14,226,146.69
2022,8,15,227,148.65
2022,8,16,228,158.55
2022,8,17,229,156.97
2022,8,18,230,160.14
2022,8,19,231,166.51
2022,8,20,232,182.74
2022,8,21,233,190.89
2022,8,22,234,208.96
2022,8,23,235,204.66
2022,8,24,236,207.32
2022,8,25,237,226.23
2022,8,26,238,219.1
2022,8,27,239,217.29
2022,8,28,240,230.48
2022,8,29,241,232.55
2022,8,30,242,206.68
2022,8,31,243,187.38
2022,9,1,244,165.95
2022,9,2,245,119.98
2022,9,3,246,123.0
2022,9,4,247,134.14
2022,9,5,248,127.11
2022,9,6,249,106.1
2022,9,7,250,106.18
2022,9,8,251,124.95
2022,9,9,252,137.76
2022,9,10,253,144.59
2022,9,11,254,146.06
2022,9,12,255,137.3
2022,9,13,256,137.43
2022,9,14,257,159.57
2022,9,15,258,155.59
2022,9,16,259,97.16
2022,9,17,260,115.73
2022,9,18,261,122.21
2022,9,19,262,113.91
2022,9,20,263,119.2
2022,9,21,264,120.46
2022,9,22,265,111.26
2022,9,23,266,101.32
2022,9,24,267,89.81
2022,9,25,268,95.34
2022,9,26,269,83.47
2022,9,27,270,92.09
2022,9,28,271,90.48
2022,9,29,272,83.1
2022,9,30,273,77.24
2022,10,1,274,94.75
2022,10,2,275,116.27
2022,10,3,276,97.04
2022,10,4,277,98.96
2022,10,5,278,89.18
2022,10,6,279,87.69
2022,10,7,280,80.82
2022,10,8,281,73.47
2022,10,9,282,86.13
2022,10,10,283,80.38
2022,10,11,284,75.52
2022,10,12,285,78.26
2022,10,13,286,72.52
2022,10,14,287,57.69
2022,10,15,288,58.15
2022,10,16,289,63.13
2022,10,17,290,38.82
2022,10,18,291,24.41
2022,10,19,292,28.76
2022,10,20,293,43.38
2022,10,21,294,40.26
2022,10,22,295,37.04
2022,10,23,296,44.69
2022,10,24,297,32.46
2022,10,25,298,36.72
2022,10,26,299,46.38
2022,10,27,300,42.84
2022,10,28,301,40.07
2022,10,29,302,55.6
2022,10,30,303,79.22
2022,10,31,304,50.32
2022,11,1,305,51.06
2022,11,2,306,50.23
2022,11,3,307,59.43
2022,11,4,308,47.18
2022,11,5,309,49.05
2022,11,6,310,44.29
2022,11,7,311,45.01
2022,11,8,312,48.16
2022,11,9,313,48.63
2022,11,10,314,53.02
2022,11,11,315,49.71
2022,11,12,316,55.23
2022,11,13,317,57.1
2022,11,14,318,56.74
2022,11,15,319,53.93
2022,11,16,320,52.94
2022,11,17,321,52.58
2022,11,18,322,53.18
2022,11,19,323,49.21
2022,11,20,324,52.76
2022,11,21,325,50.78
2022,11,22,326,56.5
2022,11,23,327,76.8
2022,11,24,328,89.77
2022,11,25,329,89.17
2022,11,26,330,85.16
2022,11,27,331,86.43
2022,11,28,332,92.59
2022,11,29,333,101.25
2022,11,30,334,118.27
2022,12,1,335,104.83
2022,12,2,336,102.92
2022,12,3,337,138.62
2022,12,4,338,141.97
2022,12,5,339,125.37
2022,12,6,340,121.66
2022,12,7,341,121.64
2022,12,8,342,127.72
2022,12,9,343,128.01
2022,12,10,344,133.5
2022,12,11,345,135.1
2022,12,12,346,119.1
2022,12,13,347,119.06
2022,12,14,348,115.91
2022,12,15,349,115.89
2022,12,16,350,113.0
2022,12,17,351,107.14
2022,12,18,352,100.88
2022,12,19,353,91.22
2022,12,20,354,86.42
2022,12,21,355,80.22
2022,12,22,356,73.69
2022,12,23,357,68.43
2022,12,24,358,64.34
2022,12,25,359,70.0
2022,12,26,360,70.11
2022,12,27,361,72.31
2022,12,28,362,62.82
2022,12,29,363,63.62
2022,12,30,364,57.08
2022,12,31,365,60.1
2023,1,1,1,63.81
2023,1,2,2,65.98
2023,1,3,3,67.29
2023,1,4,4,57.45
2023,1,5,5,59.05
2023,1,6,6,63.52
2023,1,7,7,61.94
2023,1,8,8,65.5
2023,1,9,9,65.48
2023,1,10,10,65.62
2023,1,11,11,61.5
2023,1,12,12,62.41
2023,1,13,13,62.69
2023,1,14,14,63.32
2023,1,15,15,61.44
2023,1,16,16,54.05
2023,1,17,17,51.61
2023,1,18,18,57.94
2023,1,19,19,58.49
2023,1,20,20,59.88
2023,1,21,21,66.33
2023,1,22,22,67.31
2023,1,23,23,61.87
2023,1,24,24,55.19
2023,1,25,25,50.81
2023,1,26,26,51.4
2023,1,27,27,50.68
2023,1,28,28,55.63
2023,1,29,29,56.75
2023,1,30,30,54.35
2023,1,31,31,56.0
2023,2,1,32,57.28
2023,2,2,33,56.06
2023,2,3,34,57.93
2023,2,4,35,60.43
2023,2,5,36,60.58
2023,2,6,37,56.2
2023,2,7,38,54.99
2023,2,8,39,52.58
2023,2,9,40,52.59
2023,2,10,41,52.38
2023,2,11,42,54.26
2023,2,12,43,55.43
2023,2,13,44,51.08
2023,2,14,45,51.65
2023,2,15,46,53.12
2023,2,16,47,51.15
2023,2,17,48,48.43
2023,2,18,49,47.84
2023,2,19,50,48.83
2023,2,20,51,50.39
2023,2,21,52,47.94
2023,2,22,53,49.04
2023,2,23,54,49.49
2023,2,24,55,51.51
2023,2,25,56,49.38
2023,2,26,57,50.0
2023,2,27,58,47.5
2023,2,28,59,46.78
2023,3,1,60,47.65
2023,3,2,61,48.04
2023,3,3,62,46.43
2023,3,4,63,47.67
2023,3,5,64,50.49
2023,3,6,65,44.57
2023,3,7,66,44.11
2023,3,8,67,43.73
2023,3,9,68,41.83
2023,3,10,69,47.55
2023,3,11,70,55.78
2023,3,12,71,51.06
2023,3,13,72,49.51
2023,3,14,73,45.94
2023,3,15,74,43.1
2023,3,16,75,42.52
2023,3,17,76,42.63
2023,3,18,77,41.64
2023,3,19,78,43.58
2023,3,20,79,39.97
2023,3,21,80,39.97
2023,3,22,81,39.43
2023,3,23,82,41.16
2023,3,24,83,41.33
2023,3,25,84,40.48
2023,3,26,85,39.14
2023,3,27,86,40.47
2023,3,28,87,40.01
2023,3,29,88,38.97
2023,3,30,89,36.47
2023,3,31,90,39.21
2023,4,1,91,43.38
2023,4,2,92,43.99
2023,4,3,93,43.94
2023,4,4,94,42.37
2023,4,5,95,41.26
2023,4,6,96,40.83
2023,4,7,97,40.93
2023,4,8,98,42.12
2023,4,9,99,42.7
2023,4,10,100,40.48
2023,4,11,101,39.13
2023,4,12,102,38.56
2023,4,13,103,37.25
2023,4,14,104,36.72
2023,4,15,105,37.82
2023,4,16,106,38.36
2023,4,17,107,36.51
2023,4,18,108,36.91
2023,4,19,109,36.18
2023,4,20,110,35.76
2023,4,21,111,36.42
2023,4,22,112,34.08
2023,4,23,113,34.34
2023,4,24,114,34.04
2023,4,25,115,34.42
2023,4,26,116,34.67
2023,4,27,117,35.06
2023,4,28,118,34.88
2023,4,29,119,35.17
2023,4,30,120,35.48
2023,5,1,121,35.62
2023,5,2,122,34.58
2023,5,3,123,32.99
2023,5,4,124,32.96
2023,5,5,125,33.16
2023,5,6,126,33.48
2023,5,7,127,34.28
2023,5,8,128,33.51
2023,5,9,129,32.78
2023,5,10,130,30.47
2023,5,11,131,27.16
2023,5,12,132,27.62
2023,5,13,133,28.97
2023,5,14,134,29.42
2023,5,15,135,25.23
2023,5,16,136,25.77
2023,5,17,137,26.59
2023,5,18,138,26.0
2023,5,19,139,25.93
2023,5,20,140,27.04
2023,5,21,141,28.79
2023,5,22,142,26.84
2023,5,23,143,27.13
2023,5,24,144,26.41
2023,5,25,145,24.4
2023,5,26,146,23.54
2023,5,27,147,26.95
2023,5,28,148,28.2
2023,5,29,149,27.01
2023,5,30,150,25.2
2023,5,31,151,25.84
2023,6,1,152,24.5
2023,6,2,153,23.77
2023,6,3,154,23.7
2023,6,4,155,24.15
2023,6,5,156,27.24
2023,6,6,157,25.75
2023,6,7,158,25.56
2023,6,8,159,26.64
2023,6,9,160,28.26
2023,6,10,161,25.49
2023,6,11,162,27.55
2023,6,12,163,29.01
2023,6,13,164,31.24
2023,6,14,165,35.83
2023,6,15,166,41.74
2023,6,16,167,36.03
2023,6,17,168,33.89
2023,6,18,169,34.14
2023,6,19,170,33.33
2023,6,20,171,38.71
2023,6,21,172,38.51
2023,6,22,173,36.15
2023,6,23,174,31.54
2023,6,24,175,32.19
2023,6,25,176,32.97
2023,6,26,177,32.36
2023,6,27,178,32.67
2023,6,28,179,33.5
2023,6,29,180,32.62
2023,6,30,181,33.66
2023,7,1,182,37.36
2023,7,2,183,38.24
2023,7,3,184,35.99
2023,7,4,185,34.13
2023,7,5,186,34.93
2023,7,6,187,32.43
2023,7,7,188,32.43
2023,7,8,189,32.05
2023,7,9,190,33.68
2023,7,10,191,32.0
2023,7,11,192,30.11
2023,7,12,193,29.13
2023,7,13,194,28.13
2023,7,14,195,27.1
2023,7,15,196,25.44
2023,7,16,197,26.54
2023,7,17,198,25.94
2023,7,18,199,27.88
2023,7,19,200,29.02
2023,7,20,201,28.69
2023,7,21,202,30.14
2023,7,22,203,28.84
2023,7,23,204,28.15
2023,7,24,205,29.72
2023,7,25,206,32.04
2023,7,26,207,30.35
2023,7,27,208,28.38
2023,7,28,209,26.67
2023,7,29,210,25.14
2023,7,30,211,24.87
2023,7,31,212,26.55
2023,8,1,213,27.55
2023,8,2,214,27.24
2023,8,3,215,29.12
2023,8,4,216,28.46
2023,8,5,217,28.66
2023,8,6,218,28.45
2023,8,7,219,29.13
2023,8,8,220,29.67
2023,8,9,221,35.75
2023,8,10,222,37.45
2023,8,11,223,35.33
2023,8,12,224,32.78
2023,8,13,225,33.51
2023,8,14,226,33.08
2023,8,15,227,35.49
2023,8,16,228,36.37
2023,8,17,229,36.52
2023,8,18,230,35.36
2023,8,19,231,37.17
2023,8,20,232,39.35
2023,8,21,233,39.52
2023,8,22,234,42.87
2023,8,23,235,39.34
2023,8,24,236,32.69
2023,8,25,237,33.98
2023,8,26,238,34.83
2023,8,27,239,34.57
2023,8,28,240,36.35
2023,8,29,241,36.47
2023,8,30,242,35.54
2023,8,31,243,35.94
2023,9,1,244,34.4
2023,9,2,245,34.22
2023,9,3,246,34.43
2023,9,4,247,33.79
2023,9,5,248,33.81
2023,9,6,249,33.3
2023,9,7,250,31.2
2023,9,8,251,34.45
2023,9,9,252,35.83
2023,9,10,253,37.41
2023,9,11,254,37.04
2023,9,12,255,35.64
2023,9,13,256,35.63
2023,9,14,257,36.32
2023,9,15,258,35.17
2023,9,16,259,38.3
2023,9,17,260,37.56
2023,9,18,261,35.32
2023,9,19,262,35.44
2023,9,20,263,37.45
2023,9,21,264,37.76
2023,9,22,265,40.36
2023,9,23,266,41.88
2023,9,24,267,41.37
2023,9,25,268,43.9
2023,9,26,269,41.41
2023,9,27,270,39.08
2023,9,28,271,40.72
2023,9,29,272,38.83
2023,9,30,273,39.05
2023,10,1,274,39.99
2023,10,2,275,37.56
2023,10,3,276,32.93
2023,10,4,277,34.33
2023,10,5,278,34.26
2023,10,6,279,34.46
2023,10,7,280,37.51
2023,10,8,281,38.04
2023,10,9,282,40.15
2023,10,10,283,45.7
2023,10,11,284,45.77
2023,10,12,285,47.05
2023,10,13,286,51.98
2023,10,14,287,51.99
2023,10,15,288,52.3
2023,10,16,289,47.67
2023,10,17,290,42.2
2023,10,18,291,42.84
2023,10,19,292,40.84
2023,10,20,293,43.88
2023,10,21,294,44.74
2023,10,22,295,46.5
2023,10,23,296,45.58
2023,10,24,297,46.3
2023,10,25,298,46.15
2023,10,26,299,45.58
2023,10,27,300,45.02
2023,10,28,301,45.55
2023,10,29,302,45.52
2023,10,30,303,46.79
2023,10,31,304,40.27
2023,11,1,305,35.5
2023,11,2,306,34.28
2023,11,3,307,36.41
2023,11,4,308,37.8
2023,11,5,309,37.65
2023,11,6,310,38.54
2023,11,7,311,40.99
2023,11,8,312,40.08
2023,11,9,313,37.79
2023,11,10,314,35.51
2023,11,11,315,34.69
2023,11,12,316,32.05
2023,11,13,317,30.94
2023,11,14,318,36.59
2023,11,15,319,40.26
2023,11,16,320,40.69
2023,11,17,321,38.36
2023,11,18,322,38.12
2023,11,19,323,38.47
2023,11,20,324,39.84
2023,11,21,325,39.3
2023,11,22,326,39.71
2023,11,23,327,41.2
2023,11,24,328,42.88
2023,11,25,329,43.29
2023,11,26,330,43.89
2023,11,27,331,41.56
2023,11,28,332,40.42
2023,11,29,333,38.16
2023,11,30,334,37.9
2023,12,1,335,40.64
2023,12,2,336,42.5
2023,12,3,337,42.36
2023,12,4,338,39.12
2023,12,5,339,37.18
2023,12,6,340,36.76
2023,12,7,341,37.44
2023,12,8,342,37.48
2023,12,9,343,36.1
2023,12,10,344,37.28
2023,12,11,345,34.07
2023,12,12,346,32.64
2023,12,13,347,32.74
2023,12,14,348,32.31
2023,12,15,349,31.65
2023,12,16,350,33.21
2023,12,17,351,33.9
2023,12,18,352,32.73
2023,12,19,353,31.14
2023,12,20,354,31.52
2023,12,21,355,32.18
2023,12,22,356,31.6
2023,12,23,357,32.46
2023,12,24,358,33.28
2023,12,25,359,34.18
2023,12,26,360,35.48
2023,12,27,361,34.32
2023,12,28,362,31.92
2023,12,29,363,31.91
2023,12,30,364,30.11
2023,12,31,365,30.3
