Year,Month,Day,Pot_Solar_GW
2024,1,1,21.72
2024,1,2,21.72
2024,1,3,21.72
2024,1,4,21.72
2024,1,5,21.72
2024,1,6,21.72
2024,1,7,21.72
2024,1,8,21.72
2024,1,9,21.72
2024,1,10,21.72
2024,1,11,21.72
2024,1,12,21.72
2024,1,13,21.72
2024,1,14,21.72
2024,1,15,21.72
2024,1,16,21.72
2024,1,17,21.72
2024,1,18,21.72
2024,1,19,21.72
2024,1,20,21.72
2024,1,21,21.72
2024,1,22,21.72
2024,1,23,21.72
2024,1,24,21.72
2024,1,25,21.72
2024,1,26,21.72
2024,1,27,21.72
2024,1,28,21.72
2024,1,29,21.72
2024,1,30,21.72
2024,1,31,21.72
2024,2,1,21.72
2024,2,2,21.72
2024,2,3,21.72
2024,2,4,21.72
2024,2,5,21.72
2024,2,6,21.72
2024,2,7,21.72
2024,2,8,21.72
2024,2,9,21.72
2024,2,10,21.72
2024,2,11,21.72
2024,2,12,21.72
2024,2,13,21.72
2024,2,14,21.72
2024,2,15,21.72
2024,2,16,21.72
2024,2,17,21.72
2024,2,18,21.72
2024,2,19,21.72
2024,2,20,21.72
2024,2,21,21.72
2024,2,22,21.72
2024,2,23,21.72
2024,2,24,21.72
2024,2,25,21.72
2024,2,26,21.72
2024,2,27,21.72
2024,2,28,21.72
2024,2,29,21.72
2024,3,1,21.72
2024,3,2,21.72
2024,3,3,21.72
2024,3,4,21.72
2024,3,5,21.72
2024,3,6,21.72
2024,3,7,21.72
2024,3,8,21.72
2024,3,9,21.72
2024,3,10,21.72
2024,3,11,21.72
2024,3,12,21.72
2024,3,13,21.72
2024,3,14,21.72
2024,3,15,21.72
2024,3,16,21.72
2024,3,17,21.72
2024,3,18,21.72
2024,3,19,21.72
2024,3,20,21.72
2024,3,21,21.72
2024,3,22,21.72
2024,3,23,21.72
2024,3,24,21.72
2024,3,25,21.72
2024,3,26,21.72
2024,3,27,21.72
2024,3,28,21.72
2024,3,29,21.72
2024,3,30,21.72
2024,3,31,21.72
2024,4,1,21.72
2024,4,2,21.72
2024,4,3,21.72
2024,4,4,21.72
2024,4,5,21.72
2024,4,6,21.72
2024,4,7,21.72
2024,4,8,21.72
2024,4,9,21.72
2024,4,10,21.72
2024,4,11,21.72
2024,4,12,21.72
2024,4,13,21.72
2024,4,14,21.72
2024,4,15,21.72
2024,4,16,21.72
2024,4,17,21.72
2024,4,18,21.72
2024,4,19,21.72
2024,4,20,21.72
2024,4,21,21.72
2024,4,22,21.72
2024,4,23,21.72
2024,4,24,21.72
2024,4,25,21.72
2024,4,26,21.72
2024,4,27,21.72
2024,4,28,21.72
2024,4,29,21.72
2024,4,30,21.72
2024,5,1,21.72
2024,5,2,21.72
2024,5,3,21.72
2024,5,4,21.72
2024,5,5,21.72
2024,5,6,21.72
2024,5,7,21.72
2024,5,8,21.72
2024,5,9,21.72
2024,5,10,21.72
2024,5,11,21.72
2024,5,12,21.72
2024,5,13,21.72
2024,5,14,21.72
2024,5,15,21.72
2024,5,16,21.72
2024,5,17,21.72
2024,5,18,21.72
2024,5,19,21.72
2024,5,20,21.72
2024,5,21,21.72
2024,5,22,21.72
2024,5,23,21.72
2024,5,24,21.72
2024,5,25,21.72
2024,5,26,21.72
2024,5,27,21.72
2024,5,28,21.72
2024,5,29,21.72
2024,5,30,21.72
2024,5,31,21.72
2024,6,1,21.72
2024,6,2,21.72
2024,6,3,21.72
2024,6,4,21.72
2024,6,5,21.72
2024,6,6,21.72
2024,6,7,21.72
2024,6,8,21.72
2024,6,9,21.72
2024,6,10,21.72
2024,6,11,21.72
2024,6,12,21.72
2024,6,13,21.72
2024,6,14,21.72
2024,6,15,21.72
2024,6,16,21.72
2024,6,17,21.72
2024,6,18,21.72
2024,6,19,21.72
2024,6,20,21.72
2024,6,21,21.72
2024,6,22,21.72
2024,6,23,21.72
2024,6,24,21.72
2024,6,25,21.72
2024,6,26,21.72
2024,6,27,21.72
2024,6,28,21.72
2024,6,29,21.72
2024,6,30,21.72
2024,7,1,21.72
2024,7,2,21.72
2024,7,3,21.72
2024,7,4,21.72
2024,7,5,21.72
2024,7,6,21.72
2024,7,7,21.72
2024,7,8,21.72
2024,7,9,21.72
2024,7,10,21.72
2024,7,11,21.72
2024,7,12,21.72
2024,7,13,21.72
2024,7,14,21.72
2024,7,15,21.72
2024,7,16,21.72
2024,7,17,21.72
2024,7,18,21.72
2024,7,19,21.72
2024,7,20,21.72
2024,7,21,21.72
2024,7,22,21.72
2024,7,23,21.72
2024,7,24,21.72
2024,7,25,21.72
2024,7,26,21.72
2024,7,27,21.72
2024,7,28,21.72
2024,7,29,21.72
2024,7,30,21.72
2024,7,31,21.72
2024,8,1,21.72
2024,8,2,21.72
2024,8,3,21.72
2024,8,4,21.72
2024,8,5,21.72
2024,8,6,21.72
2024,8,7,21.72
2024,8,8,21.72
2024,8,9,21.72
2024,8,10,21.72
2024,8,11,21.72
2024,8,12,21.72
2024,8,13,21.72
2024,8,14,21.72
2024,8,15,21.72
2024,8,16,21.72
2024,8,17,21.72
2024,8,18,21.72
2024,8,19,21.72
2024,8,20,21.72
2024,8,21,21.72
2024,8,22,21.72
2024,8,23,21.72
2024,8,24,21.72
2024,8,25,21.72
2024,8,26,21.72
2024,8,27,21.72
2024,8,28,21.72
2024,8,29,21.72
2024,8,30,21.72
2024,8,31,21.72
2024,9,1,21.72
2024,9,2,21.72
2024,9,3,21.72
2024,9,4,21.72
2024,9,5,21.72
2024,9,6,21.72
2024,9,7,21.72
2024,9,8,21.72
2024,9,9,21.72
2024,9,10,21.72
2024,9,11,21.72
2024,9,12,21.72
2024,9,13,21.72
2024,9,14,21.72
2024,9,15,21.72
2024,9,16,21.72
2024,9,17,21.72
2024,9,18,21.72
2024,9,19,21.72
2024,9,20,21.72
2024,9,21,21.72
2024,9,22,21.72
2024,9,23,21.72
2024,9,24,21.72
2024,9,25,21.72
2024,9,26,21.72
2024,9,27,21.72
2024,9,28,21.72
2024,9,29,21.72
2024,9,30,21.72
2024,10,1,21.72
2024,10,2,21.72
2024,10,3,21.72
2024,10,4,21.72
2024,10,5,21.72
2024,10,6,21.72
2024,10,7,21.72
2024,10,8,21.72
2024,10,9,21.72
2024,10,10,21.72
2024,10,11,21.72
2024,10,12,21.72
2024,10,13,21.72
2024,10,14,21.72
2024,10,15,21.72
2024,10,16,21.72
2024,10,17,21.72
2024,10,18,21.72
2024,10,19,21.72
2024,10,20,21.72
2024,10,21,21.72
2024,10,22,21.72
2024,10,23,21.72
2024,10,24,21.72
2024,10,25,21.72
2024,10,26,21.72
2024,10,27,21.72
2024,10,28,21.72
2024,10,29,21.72
2024,10,30,21.72
2024,10,31,21.72
2024,11,1,21.72
2024,11,2,21.72
2024,11,3,21.72
2024,11,4,21.72
2024,11,5,21.72
2024,11,6,21.72
2024,11,7,21.72
2024,11,8,21.72
2024,11,9,21.72
2024,11,10,21.72
2024,11,11,21.72
2024,11,12,21.72
2024,11,13,21.72
2024,11,14,21.72
2024,11,15,21.72
2024,11,16,21.72
2024,11,17,21.72
2024,11,18,21.72
2024,11,19,21.72
2024,11,20,21.72
2024,11,21,21.72
2024,11,22,21.72
2024,11,23,21.72
2024,11,24,21.72
2024,11,25,21.72
2024,11,26,21.72
2024,11,27,21.72
2024,11,28,21.72
2024,11,29,21.72
2024,11,30,21.72
2024,12,1,21.72
2024,12,2,21.72
2024,12,3,21.72
2024,12,4,21.72
2024,12,5,21.72
2024,12,6,21.72
2024,12,7,21.72
2024,12,8,21.72
2024,12,9,21.72
2024,12,10,21.72
2024,12,11,21.72
2024,12,12,21.72
2024,12,13,21.72
2024,12,14,21.72
2024,12,15,21.72
2024,12,16,21.72
2024,12,17,21.72
2024,12,18,21.72
2024,12,19,21.72
2024,12,20,21.72
2024,12,21,21.72
2024,12,22,21.72
2024,12,23,21.72
2024,12,24,21.72
2024,12,25,21.72
2024,12,26,21.72
2024,12,27,21.72
2024,12,28,21.72
2024,12,29,21.72
2024,12,30,21.72
2024,12,31,21.72
2025,1,1,25.11
2025,1,2,25.11
2025,1,3,25.11
2025,1,4,25.11
2025,1,5,25.11
2025,1,6,25.11
2025,1,7,25.11
2025,1,8,25.11
2025,1,9,25.11
2025,1,10,25.11
2025,1,11,25.11
2025,1,12,25.11
2025,1,13,25.11
2025,1,14,25.11
2025,1,15,25.11
2025,1,16,25.11
2025,1,17,25.11
2025,1,18,25.11
2025,1,19,25.11
2025,1,20,25.11
2025,1,21,25.11
2025,1,22,25.11
2025,1,23,25.11
2025,1,24,25.11
2025,1,25,25.11
2025,1,26,25.11
2025,1,27,25.11
2025,1,28,25.11
2025,1,29,25.11
2025,1,30,25.11
2025,1,31,25.11
2025,2,1,25.11
2025,2,2,25.11
2025,2,3,25.11
2025,2,4,25.11
2025,2,5,25.11
2025,2,6,25.11
2025,2,7,25.11
2025,2,8,25.11
2025,2,9,25.11
2025,2,10,25.11
2025,2,11,25.11
2025,2,12,25.11
2025,2,13,25.11
2025,2,14,25.11
2025,2,15,25.11
2025,2,16,25.11
2025,2,17,25.11
2025,2,18,25.11
2025,2,19,25.11
2025,2,20,25.11
2025,2,21,25.11
2025,2,22,25.11
2025,2,23,25.11
2025,2,24,25.11
2025,2,25,25.11
2025,2,26,25.11
2025,2,27,25.11
2025,2,28,25.11
2025,3,1,25.11
2025,3,2,25.11
2025,3,3,25.11
2025,3,4,25.11
2025,3,5,25.11
2025,3,6,25.11
2025,3,7,25.11
2025,3,8,25.11
2025,3,9,25.11
2025,3,10,25.11
2025,3,11,25.11
2025,3,12,25.11
2025,3,13,25.11
2025,3,14,25.11
2025,3,15,25.11
2025,3,16,25.11
2025,3,17,25.11
2025,3,18,25.11
2025,3,19,25.11
2025,3,20,25.11
2025,3,21,25.11
2025,3,22,25.11
2025,3,23,25.11
2025,3,24,25.11
2025,3,25,25.11
2025,3,26,25.11
2025,3,27,25.11
2025,3,28,25.11
2025,3,29,25.11
2025,3,30,25.11
2025,3,31,25.11
2025,4,1,25.11
2025,4,2,25.11
2025,4,3,25.11
2025,4,4,25.11
2025,4,5,25.11
2025,4,6,25.11
2025,4,7,25.11
2025,4,8,25.11
2025,4,9,25.11
2025,4,10,25.11
2025,4,11,25.11
2025,4,12,25.11
2025,4,13,25.11
2025,4,14,25.11
2025,4,15,25.11
2025,4,16,25.11
2025,4,17,25.11
2025,4,18,25.11
2025,4,19,25.11
2025,4,20,25.11
2025,4,21,25.11
2025,4,22,25.11
2025,4,23,25.11
2025,4,24,25.11
2025,4,25,25.11
2025,4,26,25.11
2025,4,27,25.11
2025,4,28,25.11
2025,4,29,25.11
2025,4,30,25.11
2025,5,1,25.11
2025,5,2,25.11
2025,5,3,25.11
2025,5,4,25.11
2025,5,5,25.11
2025,5,6,25.11
2025,5,7,25.11
2025,5,8,25.11
2025,5,9,25.11
2025,5,10,25.11
2025,5,11,25.11
2025,5,12,25.11
2025,5,13,25.11
2025,5,14,25.11
2025,5,15,25.11
2025,5,16,25.11
2025,5,17,25.11
2025,5,18,25.11
2025,5,19,25.11
2025,5,20,25.11
2025,5,21,25.11
2025,5,22,25.11
2025,5,23,25.11
2025,5,24,25.11
2025,5,25,25.11
2025,5,26,25.11
2025,5,27,25.11
2025,5,28,25.11
2025,5,29,25.11
2025,5,30,25.11
2025,5,31,25.11
2025,6,1,25.11
2025,6,2,25.11
2025,6,3,25.11
2025,6,4,25.11
2025,6,5,25.11
2025,6,6,25.11
2025,6,7,25.11
2025,6,8,25.11
2025,6,9,25.11
2025,6,10,25.11
2025,6,11,25.11
2025,6,12,25.11
2025,6,13,25.11
2025,6,14,25.11
2025,6,15,25.11
2025,6,16,25.11
2025,6,17,25.11
2025,6,18,25.11
2025,6,19,25.11
2025,6,20,25.11
2025,6,21,25.11
2025,6,22,25.11
2025,6,23,25.11
2025,6,24,25.11
2025,6,25,25.11
2025,6,26,25.11
2025,6,27,25.11
2025,6,28,25.11
2025,6,29,25.11
2025,6,30,25.11
2025,7,1,25.11
2025,7,2,25.11
2025,7,3,25.11
2025,7,4,25.11
2025,7,5,25.11
2025,7,6,25.11
2025,7,7,25.11
2025,7,8,25.11
2025,7,9,25.11
2025,7,10,25.11
2025,7,11,25.11
2025,7,12,25.11
2025,7,13,25.11
2025,7,14,25.11
2025,7,15,25.11
2025,7,16,25.11
2025,7,17,25.11
2025,7,18,25.11
2025,7,19,25.11
2025,7,20,25.11
2025,7,21,25.11
2025,7,22,25.11
2025,7,23,25.11
2025,7,24,25.11
2025,7,25,25.11
2025,7,26,25.11
2025,7,27,25.11
2025,7,28,25.11
2025,7,29,25.11
2025,7,30,25.11
2025,7,31,25.11
2025,8,1,25.11
2025,8,2,25.11
2025,8,3,25.11
2025,8,4,25.11
2025,8,5,25.11
2025,8,6,25.11
2025,8,7,25.11
2025,8,8,25.11
2025,8,9,25.11
2025,8,10,25.11
2025,8,11,25.11
2025,8,12,25.11
2025,8,13,25.11
2025,8,14,25.11
2025,8,15,25.11
2025,8,16,25.11
2025,8,17,25.11
2025,8,18,25.11
2025,8,19,25.11
2025,8,20,25.11
2025,8,21,25.11
2025,8,22,25.11
2025,8,23,25.11
2025,8,24,25.11
2025,8,25,25.11
2025,8,26,25.11
2025,8,27,25.11
2025,8,28,25.11
2025,8,29,25.11
2025,8,30,25.11
2025,8,31,25.11
2025,9,1,25.11
2025,9,2,25.11
2025,9,3,25.11
2025,9,4,25.11
2025,9,5,25.11
2025,9,6,25.11
2025,9,7,25.11
2025,9,8,25.11
2025,9,9,25.11
2025,9,10,25.11
2025,9,11,25.11
2025,9,12,25.11
2025,9,13,25.11
2025,9,14,25.11
2025,9,15,25.11
2025,9,16,25.11
2025,9,17,25.11
2025,9,18,25.11
2025,9,19,25.11
2025,9,20,25.11
2025,9,21,25.11
2025,9,22,25.11
2025,9,23,25.11
2025,9,24,25.11
2025,9,25,25.11
2025,9,26,25.11
2025,9,27,25.11
2025,9,28,25.11
2025,9,29,25.11
2025,9,30,25.11
2025,10,1,25.11
2025,10,2,25.11
2025,10,3,25.11
2025,10,4,25.11
2025,10,5,25.11
2025,10,6,25.11
2025,10,7,25.11
2025,10,8,25.11
2025,10,9,25.11
2025,10,10,25.11
2025,10,11,25.11
2025,10,12,25.11
2025,10,13,25.11
2025,10,14,25.11
2025,10,15,25.11
2025,10,16,25.11
2025,10,17,25.11
2025,10,18,25.11
2025,10,19,25.11
2025,10,20,25.11
2025,10,21,25.11
2025,10,22,25.11
2025,10,23,25.11
2025,10,24,25.11
2025,10,25,25.11
2025,10,26,25.11
2025,10,27,25.11
2025,10,28,25.11
2025,10,29,25.11
2025,10,30,25.11
2025,10,31,25.11
2025,11,1,25.11
2025,11,2,25.11
2025,11,3,25.11
2025,11,4,25.11
2025,11,5,25.11
2025,11,6,25.11
2025,11,7,25.11
2025,11,8,25.11
2025,11,9,25.11
2025,11,10,25.11
2025,11,11,25.11
2025,11,12,25.11
2025,11,13,25.11
2025,11,14,25.11
2025,11,15,25.11
2025,11,16,25.11
2025,11,17,25.11
2025,11,18,25.11
2025,11,19,25.11
2025,11,20,25.11
2025,11,21,25.11
2025,11,22,25.11
2025,11,23,25.11
2025,11,24,25.11
2025,11,25,25.11
2025,11,26,25.11
2025,11,27,25.11
2025,11,28,25.11
2025,11,29,25.11
2025,11,30,25.11
2025,12,1,25.11
2025,12,2,25.11
2025,12,3,25.11
2025,12,4,25.11
2025,12,5,25.11
2025,12,6,25.11
2025,12,7,25.11
2025,12,8,25.11
2025,12,9,25.11
2025,12,10,25.11
2025,12,11,25.11
2025,12,12,25.11
2025,12,13,25.11
2025,12,14,25.11
2025,12,15,25.11
2025,12,16,25.11
2025,12,17,25.11
2025,12,18,25.11
2025,12,19,25.11
2025,12,20,25.11
2025,12,21,25.11
2025,12,22,25.11
2025,12,23,25.11
2025,12,24,25.11
2025,12,25,25.11
2025,12,26,25.11
2025,12,27,25.11
2025,12,28,25.11
2025,12,29,25.11
2025,12,30,25.11
2025,12,31,25.11
2026,1,1,30.77
2026,1,2,30.77
2026,1,3,30.77
2026,1,4,30.77
2026,1,5,30.77
2026,1,6,30.77
2026,1,7,30.77
2026,1,8,30.77
2026,1,9,30.77
2026,1,10,30.77
2026,1,11,30.77
2026,1,12,30.77
2026,1,13,30.77
2026,1,14,30.77
2026,1,15,30.77
2026,1,16,30.77
2026,1,17,30.77
2026,1,18,30.77
2026,1,19,30.77
2026,1,20,30.77
2026,1,21,30.77
2026,1,22,30.77
2026,1,23,30.77
2026,1,24,30.77
2026,1,25,30.77
2026,1,26,30.77
2026,1,27,30.77
2026,1,28,30.77
2026,1,29,30.77
2026,1,30,30.77
2026,1,31,30.77
2026,2,1,30.77
2026,2,2,30.77
2026,2,3,30.77
2026,2,4,30.77
2026,2,5,30.77
2026,2,6,30.77
2026,2,7,30.77
2026,2,8,30.77
2026,2,9,30.77
2026,2,10,30.77
2026,2,11,30.77
2026,2,12,30.77
2026,2,13,30.77
2026,2,14,30.77
2026,2,15,30.77
2026,2,16,30.77
2026,2,17,30.77
2026,2,18,30.77
2026,2,19,30.77
2026,2,20,30.77
2026,2,21,30.77
2026,2,22,30.77
2026,2,23,30.77
2026,2,24,30.77
2026,2,25,30.77
2026,2,26,30.77
2026,2,27,30.77
2026,2,28,30.77
2026,3,1,30.77
2026,3,2,30.77
2026,3,3,30.77
2026,3,4,30.77
2026,3,5,30.77
2026,3,6,30.77
2026,3,7,30.77
2026,3,8,30.77
2026,3,9,30.77
2026,3,10,30.77
2026,3,11,30.77
2026,3,12,30.77
2026,3,13,30.77
2026,3,14,30.77
2026,3,15,30.77
2026,3,16,30.77
2026,3,17,30.77
2026,3,18,30.77
2026,3,19,30.77
2026,3,20,30.77
2026,3,21,30.77
2026,3,22,30.77
2026,3,23,30.77
2026,3,24,30.77
2026,3,25,30.77
2026,3,26,30.77
2026,3,27,30.77
2026,3,28,30.77
2026,3,29,30.77
2026,3,30,30.77
2026,3,31,30.77
2026,4,1,30.77
2026,4,2,30.77
2026,4,3,30.77
2026,4,4,30.77
2026,4,5,30.77
2026,4,6,30.77
2026,4,7,30.77
2026,4,8,30.77
2026,4,9,30.77
2026,4,10,30.77
2026,4,11,30.77
2026,4,12,30.77
2026,4,13,30.77
2026,4,14,30.77
2026,4,15,30.77
2026,4,16,30.77
2026,4,17,30.77
2026,4,18,30.77
2026,4,19,30.77
2026,4,20,30.77
2026,4,21,30.77
2026,4,22,30.77
2026,4,23,30.77
2026,4,24,30.77
2026,4,25,30.77
2026,4,26,30.77
2026,4,27,30.77
2026,4,28,30.77
2026,4,29,30.77
2026,4,30,30.77
2026,5,1,30.77
2026,5,2,30.77
2026,5,3,30.77
2026,5,4,30.77
2026,5,5,30.77
2026,5,6,30.77
2026,5,7,30.77
2026,5,8,30.77
2026,5,9,30.77
2026,5,10,30.77
2026,5,11,30.77
2026,5,12,30.77
2026,5,13,30.77
2026,5,14,30.77
2026,5,15,30.77
2026,5,16,30.77
2026,5,17,30.77
2026,5,18,30.77
2026,5,19,30.77
2026,5,20,30.77
2026,5,21,30.77
2026,5,22,30.77
2026,5,23,30.77
2026,5,24,30.77
2026,5,25,30.77
2026,5,26,30.77
2026,5,27,30.77
2026,5,28,30.77
2026,5,29,30.77
2026,5,30,30.77
2026,5,31,30.77
2026,6,1,30.77
2026,6,2,30.77
2026,6,3,30.77
2026,6,4,30.77
2026,6,5,30.77
2026,6,6,30.77
2026,6,7,30.77
2026,6,8,30.77
2026,6,9,30.77
2026,6,10,30.77
2026,6,11,30.77
2026,6,12,30.77
2026,6,13,30.77
2026,6,14,30.77
2026,6,15,30.77
2026,6,16,30.77
2026,6,17,30.77
2026,6,18,30.77
2026,6,19,30.77
2026,6,20,30.77
2026,6,21,30.77
2026,6,22,30.77
2026,6,23,30.77
2026,6,24,30.77
2026,6,25,30.77
2026,6,26,30.77
2026,6,27,30.77
2026,6,28,30.77
2026,6,29,30.77
2026,6,30,30.77
2026,7,1,30.77
2026,7,2,30.77
2026,7,3,30.77
2026,7,4,30.77
2026,7,5,30.77
2026,7,6,30.77
2026,7,7,30.77
2026,7,8,30.77
2026,7,9,30.77
2026,7,10,30.77
2026,7,11,30.77
2026,7,12,30.77
2026,7,13,30.77
2026,7,14,30.77
2026,7,15,30.77
2026,7,16,30.77
2026,7,17,30.77
2026,7,18,30.77
2026,7,19,30.77
2026,7,20,30.77
2026,7,21,30.77
2026,7,22,30.77
2026,7,23,30.77
2026,7,24,30.77
2026,7,25,30.77
2026,7,26,30.77
2026,7,27,30.77
2026,7,28,30.77
2026,7,29,30.77
2026,7,30,30.77
2026,7,31,30.77
2026,8,1,30.77
2026,8,2,30.77
2026,8,3,30.77
2026,8,4,30.77
2026,8,5,30.77
2026,8,6,30.77
2026,8,7,30.77
2026,8,8,30.77
2026,8,9,30.77
2026,8,10,30.77
2026,8,11,30.77
2026,8,12,30.77
2026,8,13,30.77
2026,8,14,30.77
2026,8,15,30.77
2026,8,16,30.77
2026,8,17,30.77
2026,8,18,30.77
2026,8,19,30.77
2026,8,20,30.77
2026,8,21,30.77
2026,8,22,30.77
2026,8,23,30.77
2026,8,24,30.77
2026,8,25,30.77
2026,8,26,30.77
2026,8,27,30.77
2026,8,28,30.77
2026,8,29,30.77
2026,8,30,30.77
2026,8,31,30.77
2026,9,1,30.77
2026,9,2,30.77
2026,9,3,30.77
2026,9,4,30.77
2026,9,5,30.77
2026,9,6,30.77
2026,9,7,30.77
2026,9,8,30.77
2026,9,9,30.77
2026,9,10,30.77
2026,9,11,30.77
2026,9,12,30.77
2026,9,13,30.77
2026,9,14,30.77
2026,9,15,30.77
2026,9,16,30.77
2026,9,17,30.77
2026,9,18,30.77
2026,9,19,30.77
2026,9,20,30.77
2026,9,21,30.77
2026,9,22,30.77
2026,9,23,30.77
2026,9,24,30.77
2026,9,25,30.77
2026,9,26,30.77
2026,9,27,30.77
2026,9,28,30.77
2026,9,29,30.77
2026,9,30,30.77
2026,10,1,30.77
2026,10,2,30.77
2026,10,3,30.77
2026,10,4,30.77
2026,10,5,30.77
2026,10,6,30.77
2026,10,7,30.77
2026,10,8,30.77
2026,10,9,30.77
2026,10,10,30.77
2026,10,11,30.77
2026,10,12,30.77
2026,10,13,30.77
2026,10,14,30.77
2026,10,15,30.77
2026,10,16,30.77
2026,10,17,30.77
2026,10,18,30.77
2026,10,19,30.77
2026,10,20,30.77
2026,10,21,30.77
2026,10,22,30.77
2026,10,23,30.77
2026,10,24,30.77
2026,10,25,30.77
2026,10,26,30.77
2026,10,27,30.77
2026,10,28,30.77
2026,10,29,30.77
2026,10,30,30.77
2026,10,31,30.77
2026,11,1,30.77
2026,11,2,30.77
2026,11,3,30.77
2026,11,4,30.77
2026,11,5,30.77
2026,11,6,30.77
2026,11,7,30.77
2026,11,8,30.77
2026,11,9,30.77
2026,11,10,30.77
2026,11,11,30.77
2026,11,12,30.77
2026,11,13,30.77
2026,11,14,30.77
2026,11,15,30.77
2026,11,16,30.77
2026,11,17,30.77
2026,11,18,30.77
2026,11,19,30.77
2026,11,20,30.77
2026,11,21,30.77
2026,11,22,30.77
2026,11,23,30.77
2026,11,24,30.77
2026,11,25,30.77
2026,11,26,30.77
2026,11,27,30.77
2026,11,28,30.77
2026,11,29,30.77
2026,11,30,30.77
2026,12,1,30.77
2026,12,2,30.77
2026,12,3,30.77
2026,12,4,30.77
2026,12,5,30.77
2026,12,6,30.77
2026,12,7,30.77
2026,12,8,30.77
2026,12,9,30.77
2026,12,10,30.77
2026,12,11,30.77
2026,12,12,30.77
2026,12,13,30.77
2026,12,14,30.77
2026,12,15,30.77
2026,12,16,30.77
2026,12,17,30.77
2026,12,18,30.77
2026,12,19,30.77
2026,12,20,30.77
2026,12,21,30.77
2026,12,22,30.77
2026,12,23,30.77
2026,12,24,30.77
2026,12,25,30.77
2026,12,26,30.77
2026,12,27,30.77
2026,12,28,30.77
2026,12,29,30.77
2026,12,30,30.77
2026,12,31,30.77
2027,1,1,38.68
2027,1,2,38.68
2027,1,3,38.68
2027,1,4,38.68
2027,1,5,38.68
2027,1,6,38.68
2027,1,7,38.68
2027,1,8,38.68
2027,1,9,38.68
2027,1,10,38.68
2027,1,11,38.68
2027,1,12,38.68
2027,1,13,38.68
2027,1,14,38.68
2027,1,15,38.68
2027,1,16,38.68
2027,1,17,38.68
2027,1,18,38.68
2027,1,19,38.68
2027,1,20,38.68
2027,1,21,38.68
2027,1,22,38.68
2027,1,23,38.68
2027,1,24,38.68
2027,1,25,38.68
2027,1,26,38.68
2027,1,27,38.68
2027,1,28,38.68
2027,1,29,38.68
2027,1,30,38.68
2027,1,31,38.68
2027,2,1,38.68
2027,2,2,38.68
2027,2,3,38.68
2027,2,4,38.68
2027,2,5,38.68
2027,2,6,38.68
2027,2,7,38.68
2027,2,8,38.68
2027,2,9,38.68
2027,2,10,38.68
2027,2,11,38.68
2027,2,12,38.68
2027,2,13,38.68
2027,2,14,38.68
2027,2,15,38.68
2027,2,16,38.68
2027,2,17,38.68
2027,2,18,38.68
2027,2,19,38.68
2027,2,20,38.68
2027,2,21,38.68
2027,2,22,38.68
2027,2,23,38.68
2027,2,24,38.68
2027,2,25,38.68
2027,2,26,38.68
2027,2,27,38.68
2027,2,28,38.68
2027,3,1,38.68
2027,3,2,38.68
2027,3,3,38.68
2027,3,4,38.68
2027,3,5,38.68
2027,3,6,38.68
2027,3,7,38.68
2027,3,8,38.68
2027,3,9,38.68
2027,3,10,38.68
2027,3,11,38.68
2027,3,12,38.68
2027,3,13,38.68
2027,3,14,38.68
2027,3,15,38.68
2027,3,16,38.68
2027,3,17,38.68
2027,3,18,38.68
2027,3,19,38.68
2027,3,20,38.68
2027,3,21,38.68
2027,3,22,38.68
2027,3,23,38.68
2027,3,24,38.68
2027,3,25,38.68
2027,3,26,38.68
2027,3,27,38.68
2027,3,28,38.68
2027,3,29,38.68
2027,3,30,38.68
2027,3,31,38.68
2027,4,1,38.68
2027,4,2,38.68
2027,4,3,38.68
2027,4,4,38.68
2027,4,5,38.68
2027,4,6,38.68
2027,4,7,38.68
2027,4,8,38.68
2027,4,9,38.68
2027,4,10,38.68
2027,4,11,38.68
2027,4,12,38.68
2027,4,13,38.68
2027,4,14,38.68
2027,4,15,38.68
2027,4,16,38.68
2027,4,17,38.68
2027,4,18,38.68
2027,4,19,38.68
2027,4,20,38.68
2027,4,21,38.68
2027,4,22,38.68
2027,4,23,38.68
2027,4,24,38.68
2027,4,25,38.68
2027,4,26,38.68
2027,4,27,38.68
2027,4,28,38.68
2027,4,29,38.68
2027,4,30,38.68
2027,5,1,38.68
2027,5,2,38.68
2027,5,3,38.68
2027,5,4,38.68
2027,5,5,38.68
2027,5,6,38.68
2027,5,7,38.68
2027,5,8,38.68
2027,5,9,38.68
2027,5,10,38.68
2027,5,11,38.68
2027,5,12,38.68
2027,5,13,38.68
2027,5,14,38.68
2027,5,15,38.68
2027,5,16,38.68
2027,5,17,38.68
2027,5,18,38.68
2027,5,19,38.68
2027,5,20,38.68
2027,5,21,38.68
2027,5,22,38.68
2027,5,23,38.68
2027,5,24,38.68
2027,5,25,38.68
2027,5,26,38.68
2027,5,27,38.68
2027,5,28,38.68
2027,5,29,38.68
2027,5,30,38.68
2027,5,31,38.68
2027,6,1,38.68
2027,6,2,38.68
2027,6,3,38.68
2027,6,4,38.68
2027,6,5,38.68
2027,6,6,38.68
2027,6,7,38.68
2027,6,8,38.68
2027,6,9,38.68
2027,6,10,38.68
2027,6,11,38.68
2027,6,12,38.68
2027,6,13,38.68
2027,6,14,38.68
2027,6,15,38.68
2027,6,16,38.68
2027,6,17,38.68
2027,6,18,38.68
2027,6,19,38.68
2027,6,20,38.68
2027,6,21,38.68
2027,6,22,38.68
2027,6,23,38.68
2027,6,24,38.68
2027,6,25,38.68
2027,6,26,38.68
2027,6,27,38.68
2027,6,28,38.68
2027,6,29,38.68
2027,6,30,38.68
2027,7,1,38.68
2027,7,2,38.68
2027,7,3,38.68
2027,7,4,38.68
2027,7,5,38.68
2027,7,6,38.68
2027,7,7,38.68
2027,7,8,38.68
2027,7,9,38.68
2027,7,10,38.68
2027,7,11,38.68
2027,7,12,38.68
2027,7,13,38.68
2027,7,14,38.68
2027,7,15,38.68
2027,7,16,38.68
2027,7,17,38.68
2027,7,18,38.68
2027,7,19,38.68
2027,7,20,38.68
2027,7,21,38.68
2027,7,22,38.68
2027,7,23,38.68
2027,7,24,38.68
2027,7,25,38.68
2027,7,26,38.68
2027,7,27,38.68
2027,7,28,38.68
2027,7,29,38.68
2027,7,30,38.68
2027,7,31,38.68
2027,8,1,38.68
2027,8,2,38.68
2027,8,3,38.68
2027,8,4,38.68
2027,8,5,38.68
2027,8,6,38.68
2027,8,7,38.68
2027,8,8,38.68
2027,8,9,38.68
2027,8,10,38.68
2027,8,11,38.68
2027,8,12,38.68
2027,8,13,38.68
2027,8,14,38.68
2027,8,15,38.68
2027,8,16,38.68
2027,8,17,38.68
2027,8,18,38.68
2027,8,19,38.68
2027,8,20,38.68
2027,8,21,38.68
2027,8,22,38.68
2027,8,23,38.68
2027,8,24,38.68
2027,8,25,38.68
2027,8,26,38.68
2027,8,27,38.68
2027,8,28,38.68
2027,8,29,38.68
2027,8,30,38.68
2027,8,31,38.68
2027,9,1,38.68
2027,9,2,38.68
2027,9,3,38.68
2027,9,4,38.68
2027,9,5,38.68
2027,9,6,38.68
2027,9,7,38.68
2027,9,8,38.68
2027,9,9,38.68
2027,9,10,38.68
2027,9,11,38.68
2027,9,12,38.68
2027,9,13,38.68
2027,9,14,38.68
2027,9,15,38.68
2027,9,16,38.68
2027,9,17,38.68
2027,9,18,38.68
2027,9,19,38.68
2027,9,20,38.68
2027,9,21,38.68
2027,9,22,38.68
2027,9,23,38.68
2027,9,24,38.68
2027,9,25,38.68
2027,9,26,38.68
2027,9,27,38.68
2027,9,28,38.68
2027,9,29,38.68
2027,9,30,38.68
2027,10,1,38.68
2027,10,2,38.68
2027,10,3,38.68
2027,10,4,38.68
2027,10,5,38.68
2027,10,6,38.68
2027,10,7,38.68
2027,10,8,38.68
2027,10,9,38.68
2027,10,10,38.68
2027,10,11,38.68
2027,10,12,38.68
2027,10,13,38.68
2027,10,14,38.68
2027,10,15,38.68
2027,10,16,38.68
2027,10,17,38.68
2027,10,18,38.68
2027,10,19,38.68
2027,10,20,38.68
2027,10,21,38.68
2027,10,22,38.68
2027,10,23,38.68
2027,10,24,38.68
2027,10,25,38.68
2027,10,26,38.68
2027,10,27,38.68
2027,10,28,38.68
2027,10,29,38.68
2027,10,30,38.68
2027,10,31,38.68
2027,11,1,38.68
2027,11,2,38.68
2027,11,3,38.68
2027,11,4,38.68
2027,11,5,38.68
2027,11,6,38.68
2027,11,7,38.68
2027,11,8,38.68
2027,11,9,38.68
2027,11,10,38.68
2027,11,11,38.68
2027,11,12,38.68
2027,11,13,38.68
2027,11,14,38.68
2027,11,15,38.68
2027,11,16,38.68
2027,11,17,38.68
2027,11,18,38.68
2027,11,19,38.68
2027,11,20,38.68
2027,11,21,38.68
2027,11,22,38.68
2027,11,23,38.68
2027,11,24,38.68
2027,11,25,38.68
2027,11,26,38.68
2027,11,27,38.68
2027,11,28,38.68
2027,11,29,38.68
2027,11,30,38.68
2027,12,1,38.68
2027,12,2,38.68
2027,12,3,38.68
2027,12,4,38.68
2027,12,5,38.68
2027,12,6,38.68
2027,12,7,38.68
2027,12,8,38.68
2027,12,9,38.68
2027,12,10,38.68
2027,12,11,38.68
2027,12,12,38.68
2027,12,13,38.68
2027,12,14,38.68
2027,12,15,38.68
2027,12,16,38.68
2027,12,17,38.68
2027,12,18,38.68
2027,12,19,38.68
2027,12,20,38.68
2027,12,21,38.68
2027,12,22,38.68
2027,12,23,38.68
2027,12,24,38.68
2027,12,25,38.68
2027,12,26,38.68
2027,12,27,38.68
2027,12,28,38.68
2027,12,29,38.68
2027,12,30,38.68
2027,12,31,38.68
2028,1,1,48.86
2028,1,2,48.86
2028,1,3,48.86
2028,1,4,48.86
2028,1,5,48.86
2028,1,6,48.86
2028,1,7,48.86
2028,1,8,48.86
2028,1,9,48.86
2028,1,10,48.86
2028,1,11,48.86
2028,1,12,48.86
2028,1,13,48.86
2028,1,14,48.86
2028,1,15,48.86
2028,1,16,48.86
2028,1,17,48.86
2028,1,18,48.86
2028,1,19,48.86
2028,1,20,48.86
2028,1,21,48.86
2028,1,22,48.86
2028,1,23,48.86
2028,1,24,48.86
2028,1,25,48.86
2028,1,26,48.86
2028,1,27,48.86
2028,1,28,48.86
2028,1,29,48.86
2028,1,30,48.86
2028,1,31,48.86
2028,2,1,48.86
2028,2,2,48.86
2028,2,3,48.86
2028,2,4,48.86
2028,2,5,48.86
2028,2,6,48.86
2028,2,7,48.86
2028,2,8,48.86
2028,2,9,48.86
2028,2,10,48.86
2028,2,11,48.86
2028,2,12,48.86
2028,2,13,48.86
2028,2,14,48.86
2028,2,15,48.86
2028,2,16,48.86
2028,2,17,48.86
2028,2,18,48.86
2028,2,19,48.86
2028,2,20,48.86
2028,2,21,48.86
2028,2,22,48.86
2028,2,23,48.86
2028,2,24,48.86
2028,2,25,48.86
2028,2,26,48.86
2028,2,27,48.86
2028,2,28,48.86
2028,2,29,48.86
2028,3,1,48.86
2028,3,2,48.86
2028,3,3,48.86
2028,3,4,48.86
2028,3,5,48.86
2028,3,6,48.86
2028,3,7,48.86
2028,3,8,48.86
2028,3,9,48.86
2028,3,10,48.86
2028,3,11,48.86
2028,3,12,48.86
2028,3,13,48.86
2028,3,14,48.86
2028,3,15,48.86
2028,3,16,48.86
2028,3,17,48.86
2028,3,18,48.86
2028,3,19,48.86
2028,3,20,48.86
2028,3,21,48.86
2028,3,22,48.86
2028,3,23,48.86
2028,3,24,48.86
2028,3,25,48.86
2028,3,26,48.86
2028,3,27,48.86
2028,3,28,48.86
2028,3,29,48.86
2028,3,30,48.86
2028,3,31,48.86
2028,4,1,48.86
2028,4,2,48.86
2028,4,3,48.86
2028,4,4,48.86
2028,4,5,48.86
2028,4,6,48.86
2028,4,7,48.86
2028,4,8,48.86
2028,4,9,48.86
2028,4,10,48.86
2028,4,11,48.86
2028,4,12,48.86
2028,4,13,48.86
2028,4,14,48.86
2028,4,15,48.86
2028,4,16,48.86
2028,4,17,48.86
2028,4,18,48.86
2028,4,19,48.86
2028,4,20,48.86
2028,4,21,48.86
2028,4,22,48.86
2028,4,23,48.86
2028,4,24,48.86
2028,4,25,48.86
2028,4,26,48.86
2028,4,27,48.86
2028,4,28,48.86
2028,4,29,48.86
2028,4,30,48.86
2028,5,1,48.86
2028,5,2,48.86
2028,5,3,48.86
2028,5,4,48.86
2028,5,5,48.86
2028,5,6,48.86
2028,5,7,48.86
2028,5,8,48.86
2028,5,9,48.86
2028,5,10,48.86
2028,5,11,48.86
2028,5,12,48.86
2028,5,13,48.86
2028,5,14,48.86
2028,5,15,48.86
2028,5,16,48.86
2028,5,17,48.86
2028,5,18,48.86
2028,5,19,48.86
2028,5,20,48.86
2028,5,21,48.86
2028,5,22,48.86
2028,5,23,48.86
2028,5,24,48.86
2028,5,25,48.86
2028,5,26,48.86
2028,5,27,48.86
2028,5,28,48.86
2028,5,29,48.86
2028,5,30,48.86
2028,5,31,48.86
2028,6,1,48.86
2028,6,2,48.86
2028,6,3,48.86
2028,6,4,48.86
2028,6,5,48.86
2028,6,6,48.86
2028,6,7,48.86
2028,6,8,48.86
2028,6,9,48.86
2028,6,10,48.86
2028,6,11,48.86
2028,6,12,48.86
2028,6,13,48.86
2028,6,14,48.86
2028,6,15,48.86
2028,6,16,48.86
2028,6,17,48.86
2028,6,18,48.86
2028,6,19,48.86
2028,6,20,48.86
2028,6,21,48.86
2028,6,22,48.86
2028,6,23,48.86
2028,6,24,48.86
2028,6,25,48.86
2028,6,26,48.86
2028,6,27,48.86
2028,6,28,48.86
2028,6,29,48.86
2028,6,30,48.86
2028,7,1,48.86
2028,7,2,48.86
2028,7,3,48.86
2028,7,4,48.86
2028,7,5,48.86
2028,7,6,48.86
2028,7,7,48.86
2028,7,8,48.86
2028,7,9,48.86
2028,7,10,48.86
2028,7,11,48.86
2028,7,12,48.86
2028,7,13,48.86
2028,7,14,48.86
2028,7,15,48.86
2028,7,16,48.86
2028,7,17,48.86
2028,7,18,48.86
2028,7,19,48.86
2028,7,20,48.86
2028,7,21,48.86
2028,7,22,48.86
2028,7,23,48.86
2028,7,24,48.86
2028,7,25,48.86
2028,7,26,48.86
2028,7,27,48.86
2028,7,28,48.86
2028,7,29,48.86
2028,7,30,48.86
2028,7,31,48.86
2028,8,1,48.86
2028,8,2,48.86
2028,8,3,48.86
2028,8,4,48.86
2028,8,5,48.86
2028,8,6,48.86
2028,8,7,48.86
2028,8,8,48.86
2028,8,9,48.86
2028,8,10,48.86
2028,8,11,48.86
2028,8,12,48.86
2028,8,13,48.86
2028,8,14,48.86
2028,8,15,48.86
2028,8,16,48.86
2028,8,17,48.86
2028,8,18,48.86
2028,8,19,48.86
2028,8,20,48.86
2028,8,21,48.86
2028,8,22,48.86
2028,8,23,48.86
2028,8,24,48.86
2028,8,25,48.86
2028,8,26,48.86
2028,8,27,48.86
2028,8,28,48.86
2028,8,29,48.86
2028,8,30,48.86
2028,8,31,48.86
2028,9,1,48.86
2028,9,2,48.86
2028,9,3,48.86
2028,9,4,48.86
2028,9,5,48.86
2028,9,6,48.86
2028,9,7,48.86
2028,9,8,48.86
2028,9,9,48.86
2028,9,10,48.86
2028,9,11,48.86
2028,9,12,48.86
2028,9,13,48.86
2028,9,14,48.86
2028,9,15,48.86
2028,9,16,48.86
2028,9,17,48.86
2028,9,18,48.86
2028,9,19,48.86
2028,9,20,48.86
2028,9,21,48.86
2028,9,22,48.86
2028,9,23,48.86
2028,9,24,48.86
2028,9,25,48.86
2028,9,26,48.86
2028,9,27,48.86
2028,9,28,48.86
2028,9,29,48.86
2028,9,30,48.86
2028,10,1,48.86
2028,10,2,48.86
2028,10,3,48.86
2028,10,4,48.86
2028,10,5,48.86
2028,10,6,48.86
2028,10,7,48.86
2028,10,8,48.86
2028,10,9,48.86
2028,10,10,48.86
2028,10,11,48.86
2028,10,12,48.86
2028,10,13,48.86
2028,10,14,48.86
2028,10,15,48.86
2028,10,16,48.86
2028,10,17,48.86
2028,10,18,48.86
2028,10,19,48.86
2028,10,20,48.86
2028,10,21,48.86
2028,10,22,48.86
2028,10,23,48.86
2028,10,24,48.86
2028,10,25,48.86
2028,10,26,48.86
2028,10,27,48.86
2028,10,28,48.86
2028,10,29,48.86
2028,10,30,48.86
2028,10,31,48.86
2028,11,1,48.86
2028,11,2,48.86
2028,11,3,48.86
2028,11,4,48.86
2028,11,5,48.86
2028,11,6,48.86
2028,11,7,48.86
2028,11,8,48.86
2028,11,9,48.86
2028,11,10,48.86
2028,11,11,48.86
2028,11,12,48.86
2028,11,13,48.86
2028,11,14,48.86
2028,11,15,48.86
2028,11,16,48.86
2028,11,17,48.86
2028,11,18,48.86
2028,11,19,48.86
2028,11,20,48.86
2028,11,21,48.86
2028,11,22,48.86
2028,11,23,48.86
2028,11,24,48.86
2028,11,25,48.86
2028,11,26,48.86
2028,11,27,48.86
2028,11,28,48.86
2028,11,29,48.86
2028,11,30,48.86
2028,12,1,48.86
2028,12,2,48.86
2028,12,3,48.86
2028,12,4,48.86
2028,12,5,48.86
2028,12,6,48.86
2028,12,7,48.86
2028,12,8,48.86
2028,12,9,48.86
2028,12,10,48.86
2028,12,11,48.86
2028,12,12,48.86
2028,12,13,48.86
2028,12,14,48.86
2028,12,15,48.86
2028,12,16,48.86
2028,12,17,48.86
2028,12,18,48.86
2028,12,19,48.86
2028,12,20,48.86
2028,12,21,48.86
2028,12,22,48.86
2028,12,23,48.86
2028,12,24,48.86
2028,12,25,48.86
2028,12,26,48.86
2028,12,27,48.86
2028,12,28,48.86
2028,12,29,48.86
2028,12,30,48.86
2028,12,31,48.86
2029,1,1,61.3
2029,1,2,61.3
2029,1,3,61.3
2029,1,4,61.3
2029,1,5,61.3
2029,1,6,61.3
2029,1,7,61.3
2029,1,8,61.3
2029,1,9,61.3
2029,1,10,61.3
2029,1,11,61.3
2029,1,12,61.3
2029,1,13,61.3
2029,1,14,61.3
2029,1,15,61.3
2029,1,16,61.3
2029,1,17,61.3
2029,1,18,61.3
2029,1,19,61.3
2029,1,20,61.3
2029,1,21,61.3
2029,1,22,61.3
2029,1,23,61.3
2029,1,24,61.3
2029,1,25,61.3
2029,1,26,61.3
2029,1,27,61.3
2029,1,28,61.3
2029,1,29,61.3
2029,1,30,61.3
2029,1,31,61.3
2029,2,1,61.3
2029,2,2,61.3
2029,2,3,61.3
2029,2,4,61.3
2029,2,5,61.3
2029,2,6,61.3
2029,2,7,61.3
2029,2,8,61.3
2029,2,9,61.3
2029,2,10,61.3
2029,2,11,61.3
2029,2,12,61.3
2029,2,13,61.3
2029,2,14,61.3
2029,2,15,61.3
2029,2,16,61.3
2029,2,17,61.3
2029,2,18,61.3
2029,2,19,61.3
2029,2,20,61.3
2029,2,21,61.3
2029,2,22,61.3
2029,2,23,61.3
2029,2,24,61.3
2029,2,25,61.3
2029,2,26,61.3
2029,2,27,61.3
2029,2,28,61.3
2029,3,1,61.3
2029,3,2,61.3
2029,3,3,61.3
2029,3,4,61.3
2029,3,5,61.3
2029,3,6,61.3
2029,3,7,61.3
2029,3,8,61.3
2029,3,9,61.3
2029,3,10,61.3
2029,3,11,61.3
2029,3,12,61.3
2029,3,13,61.3
2029,3,14,61.3
2029,3,15,61.3
2029,3,16,61.3
2029,3,17,61.3
2029,3,18,61.3
2029,3,19,61.3
2029,3,20,61.3
2029,3,21,61.3
2029,3,22,61.3
2029,3,23,61.3
2029,3,24,61.3
2029,3,25,61.3
2029,3,26,61.3
2029,3,27,61.3
2029,3,28,61.3
2029,3,29,61.3
2029,3,30,61.3
2029,3,31,61.3
2029,4,1,61.3
2029,4,2,61.3
2029,4,3,61.3
2029,4,4,61.3
2029,4,5,61.3
2029,4,6,61.3
2029,4,7,61.3
2029,4,8,61.3
2029,4,9,61.3
2029,4,10,61.3
2029,4,11,61.3
2029,4,12,61.3
2029,4,13,61.3
2029,4,14,61.3
2029,4,15,61.3
2029,4,16,61.3
2029,4,17,61.3
2029,4,18,61.3
2029,4,19,61.3
2029,4,20,61.3
2029,4,21,61.3
2029,4,22,61.3
2029,4,23,61.3
2029,4,24,61.3
2029,4,25,61.3
2029,4,26,61.3
2029,4,27,61.3
2029,4,28,61.3
2029,4,29,61.3
2029,4,30,61.3
2029,5,1,61.3
2029,5,2,61.3
2029,5,3,61.3
2029,5,4,61.3
2029,5,5,61.3
2029,5,6,61.3
2029,5,7,61.3
2029,5,8,61.3
2029,5,9,61.3
2029,5,10,61.3
2029,5,11,61.3
2029,5,12,61.3
2029,5,13,61.3
2029,5,14,61.3
2029,5,15,61.3
2029,5,16,61.3
2029,5,17,61.3
2029,5,18,61.3
2029,5,19,61.3
2029,5,20,61.3
2029,5,21,61.3
2029,5,22,61.3
2029,5,23,61.3
2029,5,24,61.3
2029,5,25,61.3
2029,5,26,61.3
2029,5,27,61.3
2029,5,28,61.3
2029,5,29,61.3
2029,5,30,61.3
2029,5,31,61.3
2029,6,1,61.3
2029,6,2,61.3
2029,6,3,61.3
2029,6,4,61.3
2029,6,5,61.3
2029,6,6,61.3
2029,6,7,61.3
2029,6,8,61.3
2029,6,9,61.3
2029,6,10,61.3
2029,6,11,61.3
2029,6,12,61.3
2029,6,13,61.3
2029,6,14,61.3
2029,6,15,61.3
2029,6,16,61.3
2029,6,17,61.3
2029,6,18,61.3
2029,6,19,61.3
2029,6,20,61.3
2029,6,21,61.3
2029,6,22,61.3
2029,6,23,61.3
2029,6,24,61.3
2029,6,25,61.3
2029,6,26,61.3
2029,6,27,61.3
2029,6,28,61.3
2029,6,29,61.3
2029,6,30,61.3
2029,7,1,61.3
2029,7,2,61.3
2029,7,3,61.3
2029,7,4,61.3
2029,7,5,61.3
2029,7,6,61.3
2029,7,7,61.3
2029,7,8,61.3
2029,7,9,61.3
2029,7,10,61.3
2029,7,11,61.3
2029,7,12,61.3
2029,7,13,61.3
2029,7,14,61.3
2029,7,15,61.3
2029,7,16,61.3
2029,7,17,61.3
2029,7,18,61.3
2029,7,19,61.3
2029,7,20,61.3
2029,7,21,61.3
2029,7,22,61.3
2029,7,23,61.3
2029,7,24,61.3
2029,7,25,61.3
2029,7,26,61.3
2029,7,27,61.3
2029,7,28,61.3
2029,7,29,61.3
2029,7,30,61.3
2029,7,31,61.3
2029,8,1,61.3
2029,8,2,61.3
2029,8,3,61.3
2029,8,4,61.3
2029,8,5,61.3
2029,8,6,61.3
2029,8,7,61.3
2029,8,8,61.3
2029,8,9,61.3
2029,8,10,61.3
2029,8,11,61.3
2029,8,12,61.3
2029,8,13,61.3
2029,8,14,61.3
2029,8,15,61.3
2029,8,16,61.3
2029,8,17,61.3
2029,8,18,61.3
2029,8,19,61.3
2029,8,20,61.3
2029,8,21,61.3
2029,8,22,61.3
2029,8,23,61.3
2029,8,24,61.3
2029,8,25,61.3
2029,8,26,61.3
2029,8,27,61.3
2029,8,28,61.3
2029,8,29,61.3
2029,8,30,61.3
2029,8,31,61.3
2029,9,1,61.3
2029,9,2,61.3
2029,9,3,61.3
2029,9,4,61.3
2029,9,5,61.3
2029,9,6,61.3
2029,9,7,61.3
2029,9,8,61.3
2029,9,9,61.3
2029,9,10,61.3
2029,9,11,61.3
2029,9,12,61.3
2029,9,13,61.3
2029,9,14,61.3
2029,9,15,61.3
2029,9,16,61.3
2029,9,17,61.3
2029,9,18,61.3
2029,9,19,61.3
2029,9,20,61.3
2029,9,21,61.3
2029,9,22,61.3
2029,9,23,61.3
2029,9,24,61.3
2029,9,25,61.3
2029,9,26,61.3
2029,9,27,61.3
2029,9,28,61.3
2029,9,29,61.3
2029,9,30,61.3
2029,10,1,61.3
2029,10,2,61.3
2029,10,3,61.3
2029,10,4,61.3
2029,10,5,61.3
2029,10,6,61.3
2029,10,7,61.3
2029,10,8,61.3
2029,10,9,61.3
2029,10,10,61.3
2029,10,11,61.3
2029,10,12,61.3
2029,10,13,61.3
2029,10,14,61.3
2029,10,15,61.3
2029,10,16,61.3
2029,10,17,61.3
2029,10,18,61.3
2029,10,19,61.3
2029,10,20,61.3
2029,10,21,61.3
2029,10,22,61.3
2029,10,23,61.3
2029,10,24,61.3
2029,10,25,61.3
2029,10,26,61.3
2029,10,27,61.3
2029,10,28,61.3
2029,10,29,61.3
2029,10,30,61.3
2029,10,31,61.3
2029,11,1,61.3
2029,11,2,61.3
2029,11,3,61.3
2029,11,4,61.3
2029,11,5,61.3
2029,11,6,61.3
2029,11,7,61.3
2029,11,8,61.3
2029,11,9,61.3
2029,11,10,61.3
2029,11,11,61.3
2029,11,12,61.3
2029,11,13,61.3
2029,11,14,61.3
2029,11,15,61.3
2029,11,16,61.3
2029,11,17,61.3
2029,11,18,61.3
2029,11,19,61.3
2029,11,20,61.3
2029,11,21,61.3
2029,11,22,61.3
2029,11,23,61.3
2029,11,24,61.3
2029,11,25,61.3
2029,11,26,61.3
2029,11,27,61.3
2029,11,28,61.3
2029,11,29,61.3
2029,11,30,61.3
2029,12,1,61.3
2029,12,2,61.3
2029,12,3,61.3
2029,12,4,61.3
2029,12,5,61.3
2029,12,6,61.3
2029,12,7,61.3
2029,12,8,61.3
2029,12,9,61.3
2029,12,10,61.3
2029,12,11,61.3
2029,12,12,61.3
2029,12,13,61.3
2029,12,14,61.3
2029,12,15,61.3
2029,12,16,61.3
2029,12,17,61.3
2029,12,18,61.3
2029,12,19,61.3
2029,12,20,61.3
2029,12,21,61.3
2029,12,22,61.3
2029,12,23,61.3
2029,12,24,61.3
2029,12,25,61.3
2029,12,26,61.3
2029,12,27,61.3
2029,12,28,61.3
2029,12,29,61.3
2029,12,30,61.3
2029,12,31,61.3
2030,1,1,76.0
2030,1,2,76.0
2030,1,3,76.0
2030,1,4,76.0
2030,1,5,76.0
2030,1,6,76.0
2030,1,7,76.0
2030,1,8,76.0
2030,1,9,76.0
2030,1,10,76.0
2030,1,11,76.0
2030,1,12,76.0
2030,1,13,76.0
2030,1,14,76.0
2030,1,15,76.0
2030,1,16,76.0
2030,1,17,76.0
2030,1,18,76.0
2030,1,19,76.0
2030,1,20,76.0
2030,1,21,76.0
2030,1,22,76.0
2030,1,23,76.0
2030,1,24,76.0
2030,1,25,76.0
2030,1,26,76.0
2030,1,27,76.0
2030,1,28,76.0
2030,1,29,76.0
2030,1,30,76.0
2030,1,31,76.0
2030,2,1,76.0
2030,2,2,76.0
2030,2,3,76.0
2030,2,4,76.0
2030,2,5,76.0
2030,2,6,76.0
2030,2,7,76.0
2030,2,8,76.0
2030,2,9,76.0
2030,2,10,76.0
2030,2,11,76.0
2030,2,12,76.0
2030,2,13,76.0
2030,2,14,76.0
2030,2,15,76.0
2030,2,16,76.0
2030,2,17,76.0
2030,2,18,76.0
2030,2,19,76.0
2030,2,20,76.0
2030,2,21,76.0
2030,2,22,76.0
2030,2,23,76.0
2030,2,24,76.0
2030,2,25,76.0
2030,2,26,76.0
2030,2,27,76.0
2030,2,28,76.0
2030,3,1,76.0
2030,3,2,76.0
2030,3,3,76.0
2030,3,4,76.0
2030,3,5,76.0
2030,3,6,76.0
2030,3,7,76.0
2030,3,8,76.0
2030,3,9,76.0
2030,3,10,76.0
2030,3,11,76.0
2030,3,12,76.0
2030,3,13,76.0
2030,3,14,76.0
2030,3,15,76.0
2030,3,16,76.0
2030,3,17,76.0
2030,3,18,76.0
2030,3,19,76.0
2030,3,20,76.0
2030,3,21,76.0
2030,3,22,76.0
2030,3,23,76.0
2030,3,24,76.0
2030,3,25,76.0
2030,3,26,76.0
2030,3,27,76.0
2030,3,28,76.0
2030,3,29,76.0
2030,3,30,76.0
2030,3,31,76.0
2030,4,1,76.0
2030,4,2,76.0
2030,4,3,76.0
2030,4,4,76.0
2030,4,5,76.0
2030,4,6,76.0
2030,4,7,76.0
2030,4,8,76.0
2030,4,9,76.0
2030,4,10,76.0
2030,4,11,76.0
2030,4,12,76.0
2030,4,13,76.0
2030,4,14,76.0
2030,4,15,76.0
2030,4,16,76.0
2030,4,17,76.0
2030,4,18,76.0
2030,4,19,76.0
2030,4,20,76.0
2030,4,21,76.0
2030,4,22,76.0
2030,4,23,76.0
2030,4,24,76.0
2030,4,25,76.0
2030,4,26,76.0
2030,4,27,76.0
2030,4,28,76.0
2030,4,29,76.0
2030,4,30,76.0
2030,5,1,76.0
2030,5,2,76.0
2030,5,3,76.0
2030,5,4,76.0
2030,5,5,76.0
2030,5,6,76.0
2030,5,7,76.0
2030,5,8,76.0
2030,5,9,76.0
2030,5,10,76.0
2030,5,11,76.0
2030,5,12,76.0
2030,5,13,76.0
2030,5,14,76.0
2030,5,15,76.0
2030,5,16,76.0
2030,5,17,76.0
2030,5,18,76.0
2030,5,19,76.0
2030,5,20,76.0
2030,5,21,76.0
2030,5,22,76.0
2030,5,23,76.0
2030,5,24,76.0
2030,5,25,76.0
2030,5,26,76.0
2030,5,27,76.0
2030,5,28,76.0
2030,5,29,76.0
2030,5,30,76.0
2030,5,31,76.0
2030,6,1,76.0
2030,6,2,76.0
2030,6,3,76.0
2030,6,4,76.0
2030,6,5,76.0
2030,6,6,76.0
2030,6,7,76.0
2030,6,8,76.0
2030,6,9,76.0
2030,6,10,76.0
2030,6,11,76.0
2030,6,12,76.0
2030,6,13,76.0
2030,6,14,76.0
2030,6,15,76.0
2030,6,16,76.0
2030,6,17,76.0
2030,6,18,76.0
2030,6,19,76.0
2030,6,20,76.0
2030,6,21,76.0
2030,6,22,76.0
2030,6,23,76.0
2030,6,24,76.0
2030,6,25,76.0
2030,6,26,76.0
2030,6,27,76.0
2030,6,28,76.0
2030,6,29,76.0
2030,6,30,76.0
2030,7,1,76.0
2030,7,2,76.0
2030,7,3,76.0
2030,7,4,76.0
2030,7,5,76.0
2030,7,6,76.0
2030,7,7,76.0
2030,7,8,76.0
2030,7,9,76.0
2030,7,10,76.0
2030,7,11,76.0
2030,7,12,76.0
2030,7,13,76.0
2030,7,14,76.0
2030,7,15,76.0
2030,7,16,76.0
2030,7,17,76.0
2030,7,18,76.0
2030,7,19,76.0
2030,7,20,76.0
2030,7,21,76.0
2030,7,22,76.0
2030,7,23,76.0
2030,7,24,76.0
2030,7,25,76.0
2030,7,26,76.0
2030,7,27,76.0
2030,7,28,76.0
2030,7,29,76.0
2030,7,30,76.0
2030,7,31,76.0
2030,8,1,76.0
2030,8,2,76.0
2030,8,3,76.0
2030,8,4,76.0
2030,8,5,76.0
2030,8,6,76.0
2030,8,7,76.0
2030,8,8,76.0
2030,8,9,76.0
2030,8,10,76.0
2030,8,11,76.0
2030,8,12,76.0
2030,8,13,76.0
2030,8,14,76.0
2030,8,15,76.0
2030,8,16,76.0
2030,8,17,76.0
2030,8,18,76.0
2030,8,19,76.0
2030,8,20,76.0
2030,8,21,76.0
2030,8,22,76.0
2030,8,23,76.0
2030,8,24,76.0
2030,8,25,76.0
2030,8,26,76.0
2030,8,27,76.0
2030,8,28,76.0
2030,8,29,76.0
2030,8,30,76.0
2030,8,31,76.0
2030,9,1,76.0
2030,9,2,76.0
2030,9,3,76.0
2030,9,4,76.0
2030,9,5,76.0
2030,9,6,76.0
2030,9,7,76.0
2030,9,8,76.0
2030,9,9,76.0
2030,9,10,76.0
2030,9,11,76.0
2030,9,12,76.0
2030,9,13,76.0
2030,9,14,76.0
2030,9,15,76.0
2030,9,16,76.0
2030,9,17,76.0
2030,9,18,76.0
2030,9,19,76.0
2030,9,20,76.0
2030,9,21,76.0
2030,9,22,76.0
2030,9,23,76.0
2030,9,24,76.0
2030,9,25,76.0
2030,9,26,76.0
2030,9,27,76.0
2030,9,28,76.0
2030,9,29,76.0
2030,9,30,76.0
2030,10,1,76.0
2030,10,2,76.0
2030,10,3,76.0
2030,10,4,76.0
2030,10,5,76.0
2030,10,6,76.0
2030,10,7,76.0
2030,10,8,76.0
2030,10,9,76.0
2030,10,10,76.0
2030,10,11,76.0
2030,10,12,76.0
2030,10,13,76.0
2030,10,14,76.0
2030,10,15,76.0
2030,10,16,76.0
2030,10,17,76.0
2030,10,18,76.0
2030,10,19,76.0
2030,10,20,76.0
2030,10,21,76.0
2030,10,22,76.0
2030,10,23,76.0
2030,10,24,76.0
2030,10,25,76.0
2030,10,26,76.0
2030,10,27,76.0
2030,10,28,76.0
2030,10,29,76.0
2030,10,30,76.0
2030,10,31,76.0
2030,11,1,76.0
2030,11,2,76.0
2030,11,3,76.0
2030,11,4,76.0
2030,11,5,76.0
2030,11,6,76.0
2030,11,7,76.0
2030,11,8,76.0
2030,11,9,76.0
2030,11,10,76.0
2030,11,11,76.0
2030,11,12,76.0
2030,11,13,76.0
2030,11,14,76.0
2030,11,15,76.0
2030,11,16,76.0
2030,11,17,76.0
2030,11,18,76.0
2030,11,19,76.0
2030,11,20,76.0
2030,11,21,76.0
2030,11,22,76.0
2030,11,23,76.0
2030,11,24,76.0
2030,11,25,76.0
2030,11,26,76.0
2030,11,27,76.0
2030,11,28,76.0
2030,11,29,76.0
2030,11,30,76.0
2030,12,1,76.0
2030,12,2,76.0
2030,12,3,76.0
2030,12,4,76.0
2030,12,5,76.0
2030,12,6,76.0
2030,12,7,76.0
2030,12,8,76.0
2030,12,9,76.0
2030,12,10,76.0
2030,12,11,76.0
2030,12,12,76.0
2030,12,13,76.0
2030,12,14,76.0
2030,12,15,76.0
2030,12,16,76.0
2030,12,17,76.0
2030,12,18,76.0
2030,12,19,76.0
2030,12,20,76.0
2030,12,21,76.0
2030,12,22,76.0
2030,12,23,76.0
2030,12,24,76.0
2030,12,25,76.0
2030,12,26,76.0
2030,12,27,76.0
2030,12,28,76.0
2030,12,29,76.0
2030,12,30,76.0
2030,12,31,76.0
